,id,Actual,Random Forest
0,US7070215B2,0,0.022
1,US9256249B2,0,0.064
2,US9616574B2,0,0.011
3,US9261901B2,0,0.061
4,US9452963B2,0,0.033
5,US9115075B2,0,0.01
6,US9796135B2,0,0.002
7,US10088073B1,0,0.018
8,US9022134B2,0,0.006
9,US9831482B2,0,0.026
10,US9034972B2,0,0.002
11,US9883739B1,0,0.018
12,US9044242B2,0,0.024
13,US8942550B1,0,0.008
14,US5576596A,0,0.063
15,US9651291B2,0,0.006
16,US9468195B2,0,0.009
17,US4746040A,0,0.022
18,US9366506B2,0,0.008
19,US9766037B2,0,0.045
20,US9988763B2,0,0.032
21,US8673204B2,0,0.023
22,US10086324B2,0,0.234
23,US9267634B2,0,0.006
24,US9220693B2,0,0.018
25,US8987214B2,0,0.119
26,US9574399B2,0,0.013
27,US9265466B2,0,0.055
28,US9343350B2,0,0.017
29,US9239063B2,0,0.046
30,US4772326A,0,0.012
31,US8510995B2,0,0.002
32,US6292060A,0,0.223
33,US9997848B2,0,0.021
34,US4496096A,0,0.02
35,US8590907B2,0,0.002
36,US8182014B2,0,0.02
37,US10058938B2,0,0.016
38,US8613958B2,0,0.003
39,US9708561B2,0,0.008
40,US6649698B1,0,0.016
41,US8944700B2,0,0.001
42,US9758255B1,0,0.042
43,US9740647B1,0,0.132
44,US9399554B2,0,0.026
45,US9726687B2,0,0.111
46,US9402687B2,0,0.105
47,US8105392B2,0,0.008
48,US9856679B2,0,0.013
49,US5237842A,0,0.013
50,US5138978A,0,0.149
51,US9902620B2,0,0.011
52,US9163375B2,0,0.002
53,US9385428B2,0,0.0
54,US10035440B2,0,0.09
55,US8985225B2,0,0.136
56,US10081732B2,0,0.003
57,US7470380B2,0,0.079
58,US6943229B2,0,0.044
59,US4903062A,0,0.039
60,US5456147A,0,0.034
61,US4867485A,0,0.016
62,US9139943B2,0,0.042
63,US6364369B2,0,0.011
64,US9326439B2,0,0.006
65,US10003434B2,0,0.118
66,US5427329A,0,0.005
67,US9655418B2,0,0.002
68,US6872024B2,0,0.112
69,US10080392B2,0,0.031
70,US9227965B2,0,0.021
71,US9121488B2,0,0.005
72,US10132345B2,0,0.016
73,US6628869B2,0,0.015
74,US6533361B1,0,0.09
75,US8944304B2,0,0.024
76,US7243992B2,0,0.002
77,US9777512B2,0,0.033
78,US9941770B2,0,0.001
79,US7583031B1,0,0.12
80,US9876914B2,0,0.03
81,US8942004B2,0,0.066
82,US4928124A,0,0.025
83,US4915908A,0,0.034
84,US6180883A,0,0.078
85,US9642217B2,0,0.108
86,US7850137B2,0,0.012
87,US4536542A,0,0.006
88,US5328803A,0,0.03
89,US9280912B2,0,0.153
90,US7600461B1,0,0.004
91,US6905173B2,0,0.029
92,US4859738A,0,0.001
93,US4496059A,0,0.016
94,US5377919A,0,0.008
95,US9556786B2,0,0.009
96,US9428879B2,0,0.017
97,US8443958B2,0,0.21
98,US9688922B2,0,0.101
99,US9180749B2,0,0.044
100,US7137154B2,0,0.006
101,US10002886B2,0,0.001
102,US9963311B1,0,0.007
103,US7715013B2,0,0.21
104,US9381093B1,0,0.018
105,US9327266B2,0,0.009
106,US10136786B2,0,0.0
107,US5722275A,0,0.115
108,US7961454B2,0,0.01
109,US8288895B2,0,0.007
110,US10008297B2,0,0.006
111,US10094416B2,0,0.002
112,US9133036B2,0,0.015
113,US9416245B2,0,0.004
114,US9482246B2,0,0.014
115,US7445918B2,0,0.111
116,US9637141B2,0,0.071
117,US9308184B2,0,0.006
118,US9732906B2,0,0.016
119,US10046894B1,0,0.008
120,US9534461B2,0,0.013
121,US10111377B2,0,0.027
122,US7748171B2,0,0.015
123,US9624951B2,0,0.0
124,US9758720B2,0,0.029
125,US9172178B2,0,0.004
126,US9145667B1,0,0.002
127,US4512710A,0,0.043
128,US4689516A,0,0.146
129,US9838110B2,0,0.101
130,US9453572B2,0,0.011
131,US10032390B2,0,0.132
132,US9018285B2,0,0.015
133,US7541516B2,0,0.008
134,US9964369B2,0,0.0
135,US8945148B2,0,0.086
136,US7540393B2,0,0.01
137,US7102227B2,0,0.011
138,US5567746A,0,0.005
139,US9753768B2,0,0.129
140,US9394617B2,0,0.006
141,US9707173B2,0,0.033
142,US4993810A,0,0.007
143,US9085229B2,0,0.042
144,US10134502B2,0,0.008
145,US5406877A,0,0.072
146,US9347545B2,0,0.133
147,US10122231B2,0,0.014
148,US7385963B1,0,0.186
149,US9610873B2,0,0.021
150,US6162628A,0,0.219
151,US6527949B1,0,0.141
152,US4594719A,0,0.121
153,US7208380B2,0,0.086
154,US9349106B2,1,0.83
155,US10023627B2,0,0.018
156,US8523873B2,0,0.242
157,US9981249B2,0,0.015
158,US9572239B2,0,0.014
159,US8805316B2,0,0.257
160,US10086512B2,0,0.019
161,US9402364B2,0,0.114
162,US9346614B2,0,0.032
163,US10030216B2,0,0.011
164,US9272805B2,0,0.083
165,US9375801B2,0,0.014
166,US9644364B2,0,0.003
167,US4647491A,0,0.071
168,US9759213B2,1,0.732
169,US9925041B2,0,0.006
170,US8757026B2,0,0.064
171,US9916713B1,0,0.168
172,US8844363B2,0,0.021
173,US6526046B1,0,0.156
174,US8932865B2,0,0.294
175,US8444631B2,0,0.035
176,US10018431B2,0,0.121
177,US9082590B2,0,0.002
178,US6595357B2,0,0.014
179,US9885255B2,0,0.027
180,US6702933B2,0,0.069
181,US7008839B2,0,0.014
182,US8586961B2,0,0.022
183,US5618757A,0,0.176
184,US9545051B2,0,0.069
185,US5955200A,0,0.014
186,US4998639A,0,0.019
187,US7419360B2,0,0.014
188,US7364295B2,0,0.163
189,US10071831B1,0,0.014
190,US9159549B2,0,0.018
191,US8259626B2,0,0.208
192,US4640213A,0,0.016
193,US4768047A,0,0.044
194,US8801480B2,0,0.033
195,US4494892A,0,0.1
196,US8911522B2,0,0.108
197,US4963416A,0,0.007
198,US6108580A,0,0.021
199,US9775737B2,0,0.025
200,US7371841B2,0,0.109
201,US9786755B2,0,0.026
202,US9644851B2,0,0.109
203,US9069693B2,0,0.272
204,US8955951B2,0,0.004
205,US9289855B2,0,0.033
206,US9151768B2,0,0.271
207,US10124774B2,0,0.016
208,US8097140B2,0,0.27
209,US9863367B2,0,0.031
210,US9217339B2,0,0.051
211,US9272008B2,0,0.048
212,US9236784B2,0,0.142
213,US9990020B2,0,0.266
214,US9565763B2,0,0.17
215,US9252584B2,0,0.078
216,US9272718B2,0,0.016
217,US6383915B1,0,0.195
218,US10086223B2,0,0.19
219,US5485165A,0,0.14
220,US9896471B2,0,0.038
221,US8140012B1,0,0.091
222,US8157584B2,0,0.035
223,US9745611B2,0,0.144
224,US5909298A,0,0.171
225,US4908650A,0,0.036
226,US8728671B1,0,0.0
227,US9464154B2,0,0.05
228,US7784985B2,0,0.024
229,US8502904B2,0,0.425
230,US5299117A,0,0.231
231,US10132214B2,0,0.047
232,US9180047B2,0,0.036
233,US10065308B2,0,0.03
234,US7477198B2,0,0.16
235,US10099456B2,0,0.037
236,US9078467B2,0,0.033
237,US8218481B2,0,0.188
238,US9300179B2,0,0.034
239,US10077828B2,0,0.094
240,US9810081B2,0,0.011
241,US9226987B2,0,0.107
242,US9027548B2,0,0.049
243,US5041958A,0,0.051
244,US6350599B1,0,0.157
245,US9222776B2,0,0.025
246,US9574906B2,0,0.047
247,US9770358B2,0,0.027
248,US7762613B2,0,0.001
249,US9184021B2,0,0.357
250,US9693660B1,0,0.017
251,US9993127B2,0,0.002
252,US6966205B2,0,0.003
253,US7802636B2,0,0.045
254,US9796205B2,0,0.147
255,US9991536B2,0,0.057
256,US9186166B2,0,0.045
257,US9520567B2,0,0.033
258,US10004739B2,0,0.108
259,US4772452A,0,0.044
260,US9483607B2,0,0.175
261,US9923021B2,0,0.088
262,US9895454B2,0,0.136
263,US9656386B2,0,0.015
264,US9196199B2,0,0.14
265,US9868666B2,0,0.22
266,US8956556B2,0,0.026
267,US9955675B2,0,0.031
268,US9193655B2,0,0.058
269,US5622067A,0,0.003
270,US7892795B2,0,0.317
271,US9245783B2,0,0.03
272,US9291082B2,0,0.016
273,US9097982B2,0,0.082
274,US7711235B2,0,0.02
275,US8784098B2,0,0.03
276,US7090549B2,0,0.007
277,US9115110B2,0,0.05
278,US8716909B2,0,0.011
279,US5218051A,0,0.036
280,US9228579B2,0,0.151
281,US9360585B2,0,0.345
282,US9810649B2,0,0.208
283,US10039177B2,0,0.009
284,US7222258B2,1,0.501
285,US9971576B2,0,0.094
286,US8918527B2,0,0.228
287,US10119831B2,0,0.427
288,US5373125A,0,0.076
289,US9998361B2,0,0.371
290,US9810948B2,0,0.03
291,US6780603B1,0,0.372
292,US6031998A,0,0.096
293,US9027151B2,0,0.127
294,US9387987B2,0,0.371
295,US8290619B2,1,0.816
296,US4499473A,0,0.277
297,US8346757B1,0,0.285
298,US6803916B2,0,0.194
299,US9132350B2,1,0.784
300,US10078982B2,0,0.148
301,US10105911B2,0,0.02
302,US9530805B2,0,0.01
303,US9897245B2,0,0.019
304,US9266440B2,0,0.025
305,US9555542B2,0,0.063
306,US8554936B2,0,0.11
307,US9248976B2,0,0.183
308,US8559086B2,0,0.044
309,US7711059B2,0,0.111
310,US7844364B2,1,0.899
311,US8469814B2,0,0.284
312,US7458245B1,0,0.013
313,US7365788B2,0,0.081
314,US9802323B2,0,0.019
315,US9034996B2,0,0.024
316,US5291279A,0,0.13
317,US5905731A,0,0.155
318,US9652331B2,0,0.375
319,US9861811B2,0,0.341
320,US9930950B1,0,0.027
321,US9904145B2,0,0.002
322,US7184427B1,0,0.249
323,US9566193B2,0,0.091
324,US9802906B1,0,0.048
325,US9605920B2,0,0.013
326,US7738783B2,1,0.353
327,US10064528B1,0,0.03
328,US8924735B2,1,0.72
329,US9954875B2,0,0.262
330,US8639871B2,0,0.16
331,US9091889B2,0,0.032
332,US9368101B1,0,0.098
333,US10064596B2,0,0.203
334,US10137580B1,0,0.054
335,US9486671B2,0,0.016
336,US7194089B2,0,0.187
337,US9272381B2,0,0.093
338,US9411240B2,0,0.133
339,US6748453B2,0,0.111
340,US5196877A,0,0.062
341,US7936002B2,0,0.048
342,US8984193B1,0,0.319
343,US9925936B2,1,0.38
344,US4609820A,0,0.059
345,US5721973A,0,0.096
346,US7939956B1,0,0.229
347,US10117734B2,0,0.013
348,US8241667B2,0,0.034
349,US9278097B2,0,0.018
350,US7879402B2,0,0.063
351,US7787841B2,0,0.069
352,US7946065B2,0,0.072
353,US7649563B2,0,0.162
354,US5437834A,0,0.017
355,US9454909B1,1,0.836
356,US9844886B2,0,0.012
357,US10004506B2,0,0.058
358,US9612342B2,0,0.351
359,US4902886A,0,0.176
360,US9194965B2,0,0.426
361,US9983964B2,0,0.307
362,US9378394B2,0,0.082
363,US9775180B2,0,0.294
364,US10018707B2,0,0.235
365,US5432721A,0,0.112
366,US9532135B2,0,0.054
367,US7308346B2,0,0.062
368,US9204690B1,0,0.014
369,US9517965B2,0,0.081
370,US9849505B2,0,0.121
371,US9226407B2,0,0.094
372,US9534759B2,0,0.022
373,US8645471B2,0,0.365
374,US4848688A,0,0.072
375,US9697686B2,0,0.193
376,US8010143B2,0,0.096
377,US9747659B2,0,0.284
378,US9269442B2,0,0.255
379,US7324451B2,0,0.341
380,US7547540B2,0,0.028
381,US9022487B2,0,0.115
382,US5146099A,1,0.497
383,US6778510B1,0,0.146
384,US9902233B2,0,0.022
385,US5274416A,0,0.192
386,US9484375B2,0,0.223
387,US4908646A,0,0.188
388,US9412516B2,0,0.081
389,US9389100B2,0,0.065
390,US9039690B2,0,0.061
391,US9592096B2,0,0.061
392,US9882198B2,0,0.201
393,US9591330B2,1,0.529
394,US5448322A,0,0.122
395,US9015987B2,0,0.274
396,US9958854B2,0,0.231
397,US9739674B2,0,0.022
398,US10060359B2,0,0.371
399,US9420561B2,0,0.348
400,US8821109B2,0,0.122
401,US9833710B2,0,0.293
402,US9391422B2,0,0.129
403,US6554094B1,0,0.176
404,US8306141B2,0,0.146
405,US8984708B2,0,0.026
406,US9381641B2,0,0.029
407,US9542364B2,0,0.265
408,US4981404A,0,0.101
409,US9008130B2,0,0.129
410,US10037767B1,1,0.901
411,US9087236B2,1,0.896
412,US7506982B2,0,0.047
413,US9818343B2,0,0.1
414,US9176761B2,0,0.251
415,US5083149A,0,0.124
416,US9167554B1,1,0.689
417,US9916577B1,0,0.379
418,US7755630B2,0,0.384
419,US6038694A,0,0.258
420,US8973590B2,0,0.082
421,US9846925B2,0,0.41
422,US6101336A,0,0.076
423,US7860644B2,0,0.264
424,US9342066B2,0,0.074
425,US8107016B2,0,0.292
426,US8260213B2,0,0.046
427,US10010988B2,0,0.012
428,US8417938B1,0,0.259
429,US9789525B2,0,0.154
430,US9146195B2,0,0.306
431,US9077909B2,0,0.094
432,US6061370A,0,0.058
433,US9112268B2,0,0.006
434,US9703876B2,0,0.4
435,US8682082B2,1,0.567
436,US5827685A,0,0.171
437,US9430287B2,0,0.279
438,US9357165B2,1,0.793
439,US10142203B2,0,0.276
440,US9982525B2,0,0.183
441,US10007235B2,0,0.161
442,US8625711B2,0,0.099
443,US7350034B2,0,0.213
444,US4688666A,0,0.134
445,US9704337B2,0,0.158
446,US9545078B1,0,0.035
447,US10012759B2,0,0.305
448,US9615104B2,1,0.449
449,US6097078A,0,0.153
450,US10096898B2,0,0.258
451,US9243597B2,0,0.011
452,US7415136B2,1,0.623
453,US9233700B1,0,0.028
454,US9044210B1,0,0.033
455,US6618595B1,0,0.158
456,US8843484B2,1,0.618
457,US7516386B2,0,0.139
458,US9330010B1,0,0.339
459,US9339344B2,0,0.041
460,US10035266B1,0,0.277
461,US9824667B2,1,0.671
462,US5769844A,0,0.08
463,US5805780A,0,0.432
464,US9934054B2,1,0.863
465,US5819120A,0,0.106
466,US8942070B1,0,0.08
467,US8930949B2,1,0.678
468,US8738285B2,1,0.827
469,US9536126B2,1,0.816
470,US7103063B2,0,0.124
471,US8233736B2,0,0.418
472,US7683959B2,0,0.349
473,US9232140B2,1,0.922
474,US5359642A,0,0.205
475,US10109185B1,1,0.843
476,US7613135B2,0,0.187
477,US7878653B2,0,0.12
478,US10102744B2,1,0.848
479,US9205461B2,0,0.245
480,US9046596B1,0,0.265
481,US6404985B1,0,0.072
482,US9268533B2,0,0.572
483,US9996764B2,1,0.547
484,US5742590A,0,0.232
485,US9776334B2,0,0.103
486,US9315765B2,0,0.211
487,US9582885B2,1,0.792
488,US9567100B2,1,0.541
489,US9829602B2,0,0.103
490,US5684475A,1,0.655
491,US9213612B2,0,0.145
492,US9868006B1,0,0.052
493,US6305803A,0,0.382
494,US7830358B2,0,0.207
495,US10065639B2,0,0.128
496,US6553269B1,1,0.522
497,US9559954B2,0,0.225
498,US9317775B2,1,0.806
499,US10051870B2,0,0.143
500,US9276542B2,0,0.226
501,US10047424B2,0,0.089
502,US7940719B2,0,0.253
503,US9828895B2,0,0.079
504,US9402167B2,0,0.427
505,US6507703B1,0,0.063
506,US6954546B2,0,0.459
507,US9842382B2,1,0.63
508,US4899278A,0,0.099
509,US9357278B2,0,0.328
510,US9332175B2,0,0.265
511,US9699368B2,1,0.352
512,US9012834B2,0,0.15
513,US9898687B2,1,0.819
514,US9514002B2,0,0.281
515,US8599202B1,0,0.272
516,US10129596B2,0,0.315
517,US8986570B2,0,0.072
518,US8965664B2,1,0.669
519,US9025853B2,0,0.59
520,US9642586B2,1,0.839
521,US9514376B2,1,0.672
522,US9064462B2,0,0.385
523,US9869145B2,0,0.035
524,US10073838B2,1,0.576
525,US9378014B2,0,0.14
526,US9500078B2,0,0.081
527,US9257042B2,1,0.836
528,US5095501A,0,0.074
529,US10135757B2,1,0.531
530,US9842301B2,1,0.864
531,US5699340A,0,0.178
532,US10012962B2,0,0.359
533,US9408452B1,0,0.043
534,US9549122B2,0,0.261
535,US8636650B2,0,0.207
536,US9532719B2,0,0.514
537,US9342763B2,1,0.682
538,US7970529B2,1,0.794
539,US9357526B2,0,0.317
540,US9395457B2,1,0.599
541,US9762313B2,0,0.187
542,US7078753B2,0,0.072
543,US10140549B2,1,0.829
544,US9291084B2,0,0.268
545,US9160913B2,1,0.715
546,US9699768B2,0,0.201
547,US10067500B2,1,0.856
548,US9296105B2,0,0.091
549,US9940935B2,1,0.874
550,US9858484B2,1,0.822
551,US5912634A,1,0.59
552,US10051179B2,0,0.276
553,US4695156A,0,0.338
554,US8476554B2,0,0.109
555,US9600720B1,1,0.782
556,US6529851B1,0,0.281
557,US9014968B2,1,0.9
558,US6812832B2,0,0.231
559,US9885638B2,0,0.347
560,US9851986B2,0,0.408
561,US8633017B2,0,0.23
562,US9467575B2,0,0.396
563,US8590956B2,0,0.131
564,US9584494B2,0,0.202
565,US9092445B2,1,0.763
566,US9225679B2,0,0.469
567,US9462194B2,0,0.322
568,US9917858B2,0,0.294
569,US9591225B2,0,0.186
570,US9054905B2,0,0.205
571,US7698356B2,0,0.219
572,US9600376B1,0,0.259
573,US8434965B2,0,0.169
574,US9465671B1,0,0.405
575,US4501344A,0,0.339
576,US8930024B2,0,0.094
577,US9714903B2,0,0.427
578,US9014888B2,1,0.599
579,US9244139B2,0,0.107
580,US9633002B1,1,0.826
581,US8385531B2,0,0.221
582,US6124139A,0,0.22
583,US5179697A,0,0.115
584,US9390823B2,0,0.356
585,US9529083B2,0,0.106
586,US9111148B2,1,0.815
587,US9979872B2,0,0.273
588,US8729449B2,0,0.58
589,US9659249B1,1,0.682
590,US9736445B2,1,0.828
591,US7280150B2,0,0.338
592,US8988932B2,0,0.422
593,US6710321B2,1,0.559
594,US9990199B2,0,0.256
595,US8175807B2,0,0.419
596,US7418099B2,0,0.134
597,US8988808B1,0,0.327
598,US9122595B2,0,0.376
599,US9494438B1,1,0.725
600,US9819870B2,0,0.23
601,US8687121B2,0,0.398
602,US8948911B2,0,0.122
603,US9286524B1,1,0.825
604,US9976989B2,1,0.849
605,US9749620B2,1,0.683
606,US9349073B2,1,0.787
607,US9917665B1,0,0.255
608,US8941090B2,0,0.152
609,US8209114B2,1,0.613
610,US5568194A,0,0.512
611,US9446519B2,0,0.166
612,US9116597B1,0,0.218
613,US9915436B1,0,0.156
614,US9582918B2,1,0.464
615,US9464643B2,0,0.089
616,US7924091B2,0,0.071
617,US9329092B2,0,0.061
618,US8880345B2,1,0.753
619,US9529441B2,0,0.087
620,US7495996B2,0,0.341
621,US9833905B2,0,0.086
622,US9686305B2,1,0.672
623,US9275232B2,0,0.218
624,US9959374B2,1,0.775
625,US6141627A,0,0.135
626,US7299032B2,0,0.264
627,US10041883B2,0,0.376
628,US9124923B2,0,0.401
629,US9364951B1,0,0.251
630,US9754221B1,1,0.777
631,US9756188B2,0,0.155
632,US9129188B2,1,0.768
633,US9449252B1,0,0.646
634,US9568923B1,1,0.794
635,US9575833B2,0,0.29
636,US8087989B2,0,0.108
637,US9086796B2,0,0.215
638,US4864867A,0,0.148
639,US9514211B2,0,0.156
640,US9977982B2,1,0.898
641,US10031901B2,1,0.821
642,US10089154B2,0,0.38
643,US9672618B1,1,0.665
644,US9516346B2,1,0.665
645,US5589337A,0,0.33
646,US9532757B2,0,0.179
647,US8489322B2,1,0.585
648,US8619119B2,0,0.31
649,US9439605B2,0,0.145
650,US8965325B2,0,0.341
651,US10115238B2,1,0.519
652,US6206233A,0,0.058
653,US7822328B2,0,0.283
654,US9871964B2,0,0.23
655,US9311123B2,0,0.41
656,US8994694B2,0,0.367
657,US8817902B2,0,0.396
658,US10051233B2,0,0.219
659,US9731732B2,1,0.578
660,US10067804B2,1,0.579
661,US9760760B2,1,0.801
662,US9481516B1,0,0.189
663,US9171145B2,0,0.334
664,US9774678B2,0,0.265
665,US9167385B2,0,0.444
666,US7340290B2,0,0.36
667,US8289811B2,1,0.397
668,US10109264B2,1,0.831
669,US8994552B2,0,0.211
670,US9100633B2,0,0.426
671,US9635050B2,1,0.778
672,US9875516B2,0,0.356
673,US7979072B2,0,0.199
674,US9619535B1,1,0.647
675,US8611596B2,0,0.323
676,US9468364B2,1,0.676
677,US10095976B1,1,0.655
678,US8369609B2,1,0.831
679,US9342657B2,1,0.891
680,US9307172B2,0,0.391
681,US10005465B2,0,0.178
682,US9171125B2,0,0.265
683,US9544575B2,1,0.642
684,US8639030B2,1,0.8
685,US8970732B2,1,0.495
686,US9111143B2,1,0.872
687,US9081608B2,0,0.25
688,US10067951B2,0,0.363
689,US9990178B2,0,0.192
690,US7148916B2,0,0.252
691,US9615878B2,1,0.895
692,US9232150B2,0,0.486
693,US9430842B1,1,0.563
694,US9418400B2,1,0.498
695,US10127498B2,1,0.778
696,US8953744B2,0,0.272
697,US9811074B1,1,0.78
698,US9736334B2,1,0.847
699,US9424574B2,0,0.317
700,US8963759B2,0,0.41
701,US9323249B2,1,0.696
702,US10001432B2,1,0.854
703,US9681252B2,0,0.226
704,US9201423B2,0,0.181
705,US8606669B2,1,0.482
706,US9046816B2,0,0.278
707,US9299132B2,0,0.458
708,US9367189B2,0,0.292
709,US6097430A,1,0.659
710,US6791717B1,1,0.854
711,US9430766B1,1,0.827
712,US9541499B2,1,0.538
713,US8587518B2,0,0.379
714,US9014849B2,0,0.225
715,US9922272B2,1,0.918
716,US9052896B2,1,0.646
717,US9092865B2,1,0.646
718,US9436894B2,1,0.725
719,US8670030B2,0,0.275
720,US6323452A,0,0.188
721,US9273517B2,0,0.382
722,US9811736B2,1,0.676
723,US9742988B2,1,0.77
724,US9032636B2,0,0.088
725,US10080907B1,0,0.242
726,US9117172B2,1,0.528
727,US8224479B2,1,0.529
728,US6987531B2,0,0.224
729,US9302398B2,1,0.417
730,US9687130B2,0,0.04
731,US9342910B2,1,0.631
732,US9544340B2,0,0.264
733,US9661323B2,0,0.439
734,US9709922B2,1,0.875
735,US10107655B2,0,0.269
736,US9033503B2,0,0.167
737,US6074063A,0,0.233
738,US9604646B2,0,0.255
739,US9443203B2,1,0.771
740,US9145657B2,0,0.221
741,US8253737B1,0,0.526
742,US8347294B2,0,0.415
743,US9508016B2,1,0.5
744,US9278449B1,1,0.368
745,US9476803B2,1,0.535
746,US9325973B1,1,0.58
747,US9800600B2,1,0.616
748,US10134165B2,1,0.805
749,US8687107B2,1,0.529
750,US9754349B2,0,0.528
751,US9471852B1,1,0.727
752,US7391461B2,0,0.356
753,US9390677B2,0,0.561
754,US9607222B2,1,0.656
755,US9088707B2,1,0.745
756,US8730305B2,1,0.723
757,US5771485A,1,0.498
758,US9633285B2,1,0.529
759,US10142391B1,1,0.491
760,US9156164B2,0,0.179
761,US10079041B2,1,0.75
762,US7929453B2,0,0.268
763,US9727775B2,1,0.83
764,US10073030B2,1,0.621
765,US9759918B2,1,0.643
766,US8792710B2,0,0.528
767,US9162359B2,0,0.215
768,US9066020B2,1,0.652
769,US9557989B2,1,0.462
770,US9811902B2,0,0.325
771,US10033835B2,0,0.282
772,US9157726B2,1,0.56
773,US9292599B2,1,0.83
774,US8073564B2,0,0.184
775,US9762471B2,1,0.511
776,US9936879B2,1,0.587
777,US10028514B2,0,0.251
778,US9892376B2,1,0.429
779,US9619948B2,0,0.413
780,US9438880B2,1,0.799
781,US9153015B2,1,0.735
782,US8392349B2,1,0.58
783,US9813566B2,1,0.85
784,US6747704B1,1,0.601
785,US10040630B2,0,0.044
786,US10036677B2,1,0.546
787,US9785818B2,1,0.535
788,US9481518B2,0,0.165
789,US9256639B2,0,0.529
790,US9722820B1,1,0.289
791,US10014918B2,0,0.318
792,US9164988B2,1,0.269
793,US7123643B2,1,0.324
794,US8881833B2,1,0.649
795,US9065746B2,0,0.577
796,US9213541B2,1,0.434
797,US9686175B2,1,0.333
798,US8572623B2,0,0.47
799,US9300424B2,1,0.333
800,US9638111B2,0,0.016
801,US9795682B2,0,0.15
802,US9205449B1,0,0.022
803,US9419486B2,0,0.036
804,US8978270B1,0,0.016
805,US9440355B2,0,0.099
806,US8835365B2,0,0.134
807,US9034210B2,0,0.032
808,US9268174B2,0,0.067
809,US6603853B1,0,0.065
810,US8360762B2,0,0.01
811,US9381755B2,0,0.019
812,US8445113B2,0,0.171
813,US9982338B2,0,0.009
814,US9949588B1,0,0.036
815,US10125051B2,0,0.127
816,US5325406A,0,0.01
817,US8701918B2,0,0.011
818,US9140859B2,0,0.078
819,US8770379B2,0,0.014
820,US5843335A,0,0.002
821,US5075117A,0,0.016
822,US9932084B2,0,0.007
823,US9373548B2,0,0.001
824,US9533741B2,0,0.005
825,US10000143B1,0,0.035
826,US9341682B2,0,0.182
827,US9660645B2,0,0.066
828,US4491376A,0,0.135
829,US9184522B1,0,0.01
830,US8702176B2,0,0.027
831,US5714350A,0,0.12
832,US8704004B2,0,0.018
833,US9067764B2,0,0.003
834,US8739890B2,0,0.01
835,US9890602B2,0,0.001
836,US9278079B2,0,0.025
837,US6995448B2,0,0.022
838,US5298757A,0,0.021
839,US8416578B2,0,0.078
840,US5604927A,0,0.016
841,US6933305B2,0,0.031
842,US6712429B2,0,0.005
843,US5248526A,0,0.047
844,US9491924B2,0,0.001
845,US9849675B2,0,0.009
846,US9243433B2,0,0.003
847,US9003662B2,0,0.114
848,US9537254B2,0,0.0
849,US9481430B2,0,0.01
850,US9622636B1,0,0.004
851,US9066504B2,0,0.02
852,US9728788B2,0,0.003
853,US5861711A,0,0.024
854,US9844174B2,0,0.007
855,US9144145B2,0,0.004
856,US9716422B2,1,0.743
857,US6631582B2,0,0.006
858,US9200938B2,0,0.017
859,US5082971A,0,0.001
860,US9650962B2,0,0.004
861,US9680136B2,0,0.001
862,US5050813A,0,0.003
863,US5475231A,0,0.064
864,US9180263B2,0,0.021
865,US10141663B1,0,0.0
866,US4863625A,0,0.024
867,US6161512A,0,0.02
868,US10046277B2,0,0.002
869,US8763979B2,0,0.003
870,US10020015B2,0,0.004
871,US9601801B2,0,0.0
872,US10130431B2,0,0.008
873,US9796495B2,0,0.003
874,US6552088B2,0,0.003
875,US4609322A,0,0.026
876,US9103499B2,0,0.008
877,US5875916A,0,0.016
878,US6979167B2,0,0.052
879,US10043562B2,0,0.046
880,US5095781A,0,0.01
881,US9016240B2,0,0.03
882,US9538703B2,0,0.026
883,US9970097B2,0,0.002
884,US9462737B2,0,0.004
885,US9027511B2,0,0.011
886,US9733487B2,0,0.011
887,US8251179B2,0,0.044
888,US9950871B2,0,0.028
889,US7154161B1,0,0.013
890,US8845606B2,0,0.046
891,US9881896B2,0,0.028
892,US8871740B2,0,0.081
893,US9895814B2,0,0.019
894,US9821958B2,0,0.027
895,US10058346B2,0,0.043
896,US5170861A,0,0.019
897,US9044344B2,0,0.005
898,US6476140B2,0,0.01
899,US4792208A,0,0.011
900,US8969970B2,0,0.004
901,US10066717B2,0,0.015
902,US6380305B1,0,0.005
903,US9378506B1,0,0.042
904,US6569717B1,0,0.056
905,US9012608B2,0,0.002
906,US10064506B2,0,0.004
907,US7766153B2,0,0.009
908,US10053915B2,0,0.004
909,US9255169B2,0,0.039
910,US9581405B2,0,0.004
911,US9751575B2,0,0.008
912,US9021966B2,0,0.01
913,US4715401A,0,0.017
914,US9976557B2,0,0.004
915,US9297539B2,0,0.071
916,US10115408B2,0,0.202
917,US6855061B2,0,0.041
918,US5757730A,0,0.052
919,US9890099B2,0,0.047
920,US9184532B2,0,0.011
921,US9184078B2,0,0.02
922,US8013481B2,0,0.028
923,US8857655B2,0,0.015
924,US9570609B2,0,0.004
925,US6214988A,0,0.039
926,US8995338B2,0,0.185
927,US9857002B2,0,0.052
928,US9166464B2,0,0.035
929,US6838257B2,0,0.121
930,US9791013B2,0,0.034
931,US9055750B2,0,0.028
932,US8800829B2,0,0.048
933,US8981157B2,0,0.008
934,US8993712B2,0,0.076
935,US9137952B1,0,0.05
936,US9627290B2,0,0.028
937,US9559461B1,0,0.007
938,US8961499B2,0,0.003
939,US6216409A,0,0.003
940,US10100026B2,0,0.104
941,US5027958A,0,0.01
942,US8167561B2,0,0.001
943,US9605790B1,0,0.025
944,US9581092B2,0,0.03
945,US4731219A,0,0.096
946,US9178608B2,0,0.128
947,US9486101B2,0,0.038
948,US9677880B2,0,0.049
949,US10072368B2,0,0.103
950,US9106002B2,0,0.006
951,US7516535B1,0,0.018
952,US9154348B2,0,0.423
953,US10019669B2,1,0.715
954,US9676067B2,0,0.046
955,US8768863B2,1,0.827
956,US5052956A,0,0.002
957,US9072486B2,0,0.005
958,US10006730B1,0,0.019
959,US9481272B2,0,0.016
960,US9302598B2,0,0.007
961,US4843845A,0,0.005
962,US5450115A,0,0.021
963,US8985928B2,0,0.01
964,US9072754B2,0,0.051
965,US9251645B2,0,0.009
966,US7265368B2,0,0.17
967,US9518764B2,0,0.007
968,US8033278B2,0,0.018
969,US7867261B2,0,0.088
970,US8926898B2,0,0.03
971,US9113708B2,0,0.027
972,US9916938B2,0,0.07
973,US9371994B2,0,0.078
974,US5618488A,0,0.037
975,US7322982B2,0,0.001
976,US9909057B2,0,0.028
977,US4954107A,0,0.039
978,US7402515B2,0,0.024
979,US9221431B2,0,0.037
980,US5899569A,0,0.046
981,US10060157B1,0,0.092
982,US4713249A,0,0.026
983,US5518739A,0,0.016
984,US5499684A,0,0.124
985,US5041957A,0,0.055
986,US5580649A,0,0.035
987,US9913476B2,0,0.022
988,US10103452B2,0,0.166
989,US9496196B2,0,0.004
990,US9005209B2,0,0.13
991,US9689896B2,0,0.028
992,US8697273B2,0,0.008
993,US8128565B2,0,0.215
994,US6735014B2,0,0.099
995,US9322342B2,0,0.152
996,US7963288B2,0,0.048
997,US9034418B2,0,0.008
998,US8414996B2,0,0.083
999,US9083023B2,0,0.049
1000,US9174345B2,0,0.005
1001,US9630882B2,0,0.166
1002,US10053196B2,0,0.012
1003,US9010737B2,0,0.002
1004,US9016158B2,0,0.018
1005,US8575395B2,0,0.041
1006,US7871094B2,0,0.045
1007,US9623556B1,0,0.108
1008,US9560745B2,0,0.021
1009,US6813555B1,1,0.589
1010,US7696110B2,0,0.034
1011,US4650127A,0,0.117
1012,US4818864A,0,0.025
1013,US9336774B1,1,0.84
1014,US8911852B2,0,0.128
1015,US10039548B2,0,0.002
1016,US6442260B1,0,0.149
1017,US10113549B2,0,0.174
1018,US9144751B2,0,0.062
1019,US7651283B2,0,0.022
1020,US5543956A,0,0.022
1021,US7891437B2,0,0.071
1022,US6758599B2,0,0.034
1023,US6269084A,0,0.087
1024,US9764667B2,0,0.006
1025,US10111471B2,0,0.211
1026,US10103925B2,0,0.089
1027,US8329549B2,0,0.047
1028,US7534782B2,0,0.153
1029,US9352930B2,0,0.061
1030,US9151372B2,0,0.009
1031,US9008415B2,1,0.79
1032,US8163692B2,0,0.02
1033,US5685255A,0,0.024
1034,US9485908B2,0,0.091
1035,US9903702B2,0,0.046
1036,US9035161B2,0,0.003
1037,US9113058B2,0,0.066
1038,US6716513B1,0,0.048
1039,US10001195B2,0,0.002
1040,US9376300B2,0,0.025
1041,US9524908B2,0,0.083
1042,US9425246B2,0,0.05
1043,US9230789B2,0,0.143
1044,US9885419B2,0,0.003
1045,US9592985B2,0,0.01
1046,US9194038B2,0,0.038
1047,US9070249B2,0,0.084
1048,US10000558B2,0,0.042
1049,US7555886B2,0,0.026
1050,US9448142B2,0,0.209
1051,US5609220A,0,0.101
1052,US9074471B2,0,0.01
1053,US9265470B2,0,0.069
1054,US6073965A,0,0.003
1055,US9249926B1,0,0.03
1056,US7819686B2,0,0.006
1057,US6465236B1,0,0.056
1058,US9743274B2,0,0.19
1059,US4842216A,0,0.013
1060,US8696233B2,0,0.313
1061,US9846319B2,0,0.022
1062,US6830478B1,0,0.005
1063,US9475853B2,0,0.133
1064,US10119941B2,0,0.049
1065,US9347621B2,0,0.024
1066,US7963913B2,0,0.088
1067,US9197708B2,0,0.375
1068,US9396332B2,1,0.899
1069,US9274770B2,0,0.457
1070,US9239117B1,0,0.046
1071,US6590314B1,0,0.024
1072,US6393745B1,0,0.05
1073,US9569423B2,1,0.849
1074,US9302291B2,0,0.073
1075,US9610650B2,0,0.069
1076,US5175571A,0,0.34
1077,US9519238B2,0,0.058
1078,US9212154B2,0,0.055
1079,US6864171B1,0,0.06
1080,US7980378B2,0,0.223
1081,US9739794B2,0,0.03
1082,US9950423B2,0,0.004
1083,US8582579B2,0,0.388
1084,US9867496B2,0,0.038
1085,US9257041B2,1,0.742
1086,US9055913B2,0,0.043
1087,US9567060B2,0,0.056
1088,US7773495B2,0,0.316
1089,US7847257B2,0,0.181
1090,US8492498B2,0,0.043
1091,US7245583B1,0,0.105
1092,US9488180B2,0,0.1
1093,US7782395B2,0,0.082
1094,US8222351B2,0,0.021
1095,US9092317B2,0,0.429
1096,US9994105B2,0,0.078
1097,US7017766B2,0,0.024
1098,US9311999B2,0,0.154
1099,US9468412B2,1,0.841
1100,US9117169B2,1,0.835
1101,US7344017B1,0,0.002
1102,US9517987B1,0,0.178
1103,US6233502A,0,0.163
1104,US9065260B2,0,0.014
1105,US9861129B2,0,0.008
1106,US4982369A,0,0.048
1107,US9532688B1,0,0.002
1108,US8488231B2,0,0.154
1109,US9795454B2,0,0.011
1110,US7539279B2,0,0.025
1111,US5967788A,0,0.02
1112,US8003014B2,0,0.02
1113,US6934301B2,0,0.158
1114,US9384886B2,0,0.15
1115,US10094820B2,0,0.116
1116,US10092850B1,0,0.065
1117,US9782789B2,0,0.069
1118,US10099373B2,0,0.026
1119,US9280041B2,0,0.182
1120,US7042840B2,0,0.246
1121,US9301459B1,0,0.016
1122,US9909129B2,0,0.09
1123,US7614881B2,0,0.114
1124,US10078949B2,0,0.208
1125,US9091809B2,0,0.139
1126,US4817992A,0,0.013
1127,US6097556A,0,0.097
1128,US9154486B1,0,0.093
1129,US9940574B1,1,0.803
1130,US9737098B2,0,0.081
1131,US9752996B2,0,0.084
1132,US5889696A,0,0.026
1133,US8950244B2,0,0.088
1134,US5148696A,0,0.118
1135,US9882324B2,0,0.01
1136,US10125503B2,0,0.018
1137,US9001254B2,0,0.293
1138,US8155308B1,0,0.113
1139,US9741946B2,0,0.043
1140,US5315331A,0,0.062
1141,US7421869B2,0,0.084
1142,US8988901B2,0,0.006
1143,US7805342B2,0,0.189
1144,US9237378B2,0,0.062
1145,US9911562B2,0,0.017
1146,US9361694B2,1,0.607
1147,US10085809B2,0,0.096
1148,US9092937B2,0,0.091
1149,US9279168B2,0,0.08
1150,US9086644B2,0,0.033
1151,US10070835B2,0,0.084
1152,US9535998B2,0,0.307
1153,US9803556B2,0,0.152
1154,US9777728B2,0,0.074
1155,US9808927B2,0,0.051
1156,US9664480B2,0,0.027
1157,US9190949B1,0,0.089
1158,US6711314B1,0,0.077
1159,US9037014B2,0,0.152
1160,US10065703B2,0,0.003
1161,US9734447B1,1,0.759
1162,US9383818B2,0,0.28
1163,US5029551A,0,0.024
1164,US8980096B2,0,0.145
1165,US9396024B2,0,0.337
1166,US7610017B2,0,0.202
1167,US9278806B2,0,0.008
1168,US9741018B2,1,0.8
1169,US10017990B2,0,0.021
1170,US9846948B2,1,0.797
1171,US6587291B2,0,0.32
1172,US9003955B1,0,0.105
1173,US10100169B2,0,0.034
1174,US9982691B2,0,0.061
1175,US8010126B2,0,0.317
1176,US5250812A,0,0.262
1177,US4847646A,0,0.068
1178,US9551975B2,0,0.033
1179,US9090431B2,0,0.087
1180,US9124484B2,0,0.391
1181,US8988338B2,0,0.41
1182,US10133147B2,0,0.075
1183,US7593559B2,0,0.354
1184,US6681224B2,0,0.479
1185,US8908562B2,0,0.121
1186,US9934055B2,1,0.851
1187,US8972590B2,0,0.092
1188,US6247003A,1,0.719
1189,US7609224B2,0,0.075
1190,US9980704B2,1,0.757
1191,US9015096B2,1,0.814
1192,US8293456B2,0,0.185
1193,US8557786B2,0,0.077
1194,US6160772A,0,0.09
1195,US5747699A,0,0.102
1196,US10069759B1,1,0.86
1197,US8969701B1,0,0.009
1198,US9655208B1,0,0.356
1199,US6948104B2,0,0.071
1200,US5350564A,0,0.307
1201,US8839275B1,0,0.21
1202,US9243798B2,0,0.028
1203,US9836934B2,0,0.05
1204,US6589235B2,0,0.083
1205,US9424024B2,0,0.186
1206,US9244827B2,0,0.417
1207,US8958916B2,0,0.033
1208,US9774631B2,0,0.333
1209,US9885314B2,0,0.034
1210,US9353617B2,0,0.235
1211,US8864172B2,0,0.036
1212,US9529421B2,0,0.244
1213,US9075665B2,1,0.539
1214,US8104486B2,0,0.048
1215,US6831286B2,0,0.207
1216,US8355841B2,0,0.086
1217,US6924899B2,0,0.097
1218,US9020383B2,0,0.087
1219,US9456959B2,0,0.094
1220,US9498109B2,0,0.516
1221,US9065465B2,0,0.197
1222,US6623369B1,0,0.276
1223,US4781424A,0,0.06
1224,US5121911A,0,0.115
1225,US8489319B2,0,0.167
1226,US8436919B2,1,0.761
1227,US8737724B2,1,0.767
1228,US10009081B2,0,0.174
1229,US7932183B2,0,0.139
1230,US9547481B2,0,0.263
1231,US8852016B2,1,0.576
1232,US8219177B2,0,0.114
1233,US8992228B2,1,0.683
1234,US9830312B2,1,0.844
1235,US8777410B2,0,0.118
1236,US9395292B2,0,0.233
1237,US9452987B2,0,0.018
1238,US9291397B2,0,0.062
1239,US9950428B2,0,0.105
1240,US8046162B2,1,0.642
1241,US9352441B2,0,0.029
1242,US7154979B2,0,0.327
1243,US9467943B2,0,0.321
1244,US9374017B2,0,0.11
1245,US9463321B2,0,0.074
1246,US10057915B2,0,0.375
1247,US8977041B2,1,0.629
1248,US10031471B1,0,0.004
1249,US9213931B1,1,0.63
1250,US7693566B2,0,0.049
1251,US9604735B2,1,0.775
1252,US9788903B2,0,0.091
1253,US7567752B2,0,0.316
1254,US9747562B1,0,0.352
1255,US7046279B2,0,0.157
1256,US10133981B2,1,0.869
1257,US8409125B2,0,0.173
1258,US6648192B1,0,0.055
1259,US9204027B2,0,0.241
1260,US9901067B2,0,0.022
1261,US6947075B1,0,0.519
1262,US8848085B2,0,0.144
1263,US6081534A,0,0.268
1264,US9940505B2,0,0.362
1265,US9346162B2,0,0.091
1266,US9648999B2,0,0.007
1267,US9128112B2,0,0.268
1268,US9956966B2,1,0.905
1269,US10083233B2,1,0.798
1270,US9772999B2,1,0.821
1271,US10133921B2,1,0.92
1272,US9974874B2,0,0.016
1273,US10049987B2,1,0.781
1274,US10081201B2,1,0.766
1275,US9031571B2,0,0.349
1276,US9330329B2,1,0.831
1277,US6078741A,1,0.643
1278,US9519572B2,0,0.143
1279,US8760518B2,0,0.407
1280,US9785489B1,0,0.331
1281,US6659613B2,0,0.321
1282,US9486969B2,0,0.025
1283,US8966151B2,0,0.149
1284,US9968310B2,0,0.163
1285,US9606617B2,0,0.09
1286,US10049105B2,1,0.633
1287,US7813633B2,0,0.164
1288,US4615599A,0,0.181
1289,US9308391B2,0,0.306
1290,US9061217B2,0,0.0
1291,US8776229B1,1,0.861
1292,US9111228B2,1,0.67
1293,US9334846B2,0,0.227
1294,US6795838B1,0,0.192
1295,US4724763A,0,0.064
1296,US9185329B2,0,0.401
1297,US9089733B2,0,0.199
1298,US5580140A,0,0.302
1299,US9355882B2,0,0.025
1300,US7298413B2,0,0.352
1301,US9630396B2,0,0.074
1302,US9204011B1,1,0.655
1303,US9442496B1,1,0.86
1304,US9228943B2,0,0.018
1305,US9256873B2,0,0.105
1306,US9127534B2,0,0.054
1307,US9374382B2,0,0.49
1308,US10078907B2,1,0.788
1309,US9141785B2,0,0.291
1310,US9948537B2,0,0.165
1311,US9339945B2,0,0.05
1312,US9053392B2,1,0.871
1313,US10117571B2,0,0.276
1314,US10031917B2,0,0.385
1315,US9055304B2,0,0.082
1316,US9008837B2,0,0.299
1317,US8605993B2,1,0.585
1318,US10120973B2,1,0.402
1319,US9371894B2,0,0.08
1320,US9773196B2,1,0.86
1321,US9536287B1,1,0.619
1322,US8175453B2,0,0.143
1323,US8670441B2,0,0.336
1324,US9400800B2,0,0.343
1325,US9171350B2,0,0.166
1326,US8847056B2,0,0.48
1327,US9019173B2,1,0.751
1328,US8918698B2,0,0.124
1329,US8972175B2,1,0.526
1330,US6049411A,0,0.146
1331,US9552421B2,1,0.751
1332,US9511258B2,0,0.12
1333,US9235213B2,1,0.556
1334,US9334143B2,0,0.078
1335,US10075290B2,1,0.495
1336,US7561190B2,0,0.567
1337,US9322706B2,0,0.379
1338,US10035123B2,0,0.304
1339,US7907271B2,0,0.351
1340,US8799868B2,1,0.594
1341,US9874581B2,0,0.216
1342,US10098352B2,0,0.069
1343,US9186795B1,0,0.325
1344,US8103718B2,0,0.482
1345,US10102055B1,1,0.74
1346,US6788933B2,0,0.277
1347,US9840900B2,0,0.089
1348,US9024261B2,0,0.06
1349,US9670850B2,0,0.212
1350,US10009332B2,1,0.735
1351,US6366962B1,0,0.18
1352,US6075951A,0,0.258
1353,US9369511B2,0,0.116
1354,US9411210B2,0,0.112
1355,US9122681B2,1,0.881
1356,US9813694B2,0,0.557
1357,US9813629B2,0,0.546
1358,US9070042B2,1,0.837
1359,US9087308B2,0,0.317
1360,US7649838B2,1,0.487
1361,US8665124B2,0,0.427
1362,US9141916B1,1,0.883
1363,US6975361B2,0,0.157
1364,US9713964B2,0,0.14
1365,US9930567B1,0,0.313
1366,US9527207B2,0,0.043
1367,US7982780B2,0,0.114
1368,US9398268B2,1,0.51
1369,US7463953B1,0,0.176
1370,US6433816B1,1,0.535
1371,US9967351B2,0,0.366
1372,US7920716B2,1,0.705
1373,US9164938B2,0,0.1
1374,US8023648B2,0,0.377
1375,US4669880A,0,0.184
1376,US8922620B2,0,0.259
1377,US10070039B2,1,0.727
1378,US9244445B2,0,0.106
1379,US9059726B2,0,0.468
1380,US8655201B2,0,0.271
1381,US9607095B2,0,0.168
1382,US10091675B2,1,0.568
1383,US8860786B2,0,0.312
1384,US9041699B2,0,0.388
1385,US8279288B2,0,0.392
1386,US9704252B2,1,0.532
1387,US9596297B2,0,0.247
1388,US9225464B2,0,0.236
1389,US9935864B2,1,0.587
1390,US7057642B2,0,0.181
1391,US9427172B2,0,0.024
1392,US10011011B2,1,0.656
1393,US9259278B2,0,0.116
1394,US9591282B2,1,0.788
1395,US9317923B2,0,0.45
1396,US9665782B2,1,0.612
1397,US8621116B2,0,0.293
1398,US9448913B2,0,0.35
1399,US9000390B2,0,0.159
1400,US8583097B2,0,0.062
1401,US8412037B2,0,0.15
1402,US9149018B2,0,0.058
1403,US9037262B2,0,0.029
1404,US8914857B2,0,0.117
1405,US9895943B2,0,0.14
1406,US7466481B2,0,0.094
1407,US9108480B2,0,0.017
1408,US7117067B2,1,0.903
1409,US9581520B2,1,0.803
1410,US6014200A,0,0.101
1411,US10105559B2,0,0.023
1412,US9750576B2,0,0.055
1413,US9716862B1,0,0.382
1414,US9568440B2,0,0.319
1415,US9319897B2,1,0.626
1416,US9916159B2,0,0.354
1417,US10044891B2,0,0.254
1418,US6438724B1,1,0.413
1419,US7258275B1,0,0.213
1420,US9003552B2,1,0.684
1421,US8009564B2,0,0.321
1422,US9219667B2,0,0.388
1423,US9824175B1,0,0.307
1424,US8023030B2,0,0.323
1425,US10110457B2,0,0.38
1426,US9095303B2,1,0.634
1427,US8214071B2,0,0.441
1428,US10133824B2,0,0.443
1429,US9424493B2,1,0.839
1430,US9064215B2,1,0.856
1431,US9661223B2,0,0.264
1432,US8515854B2,0,0.242
1433,US9038194B2,0,0.214
1434,US7814224B2,1,0.464
1435,US9179988B2,0,0.286
1436,US9213965B1,0,0.347
1437,US7970268B2,0,0.262
1438,US6328135A,0,0.471
1439,US9536264B2,0,0.198
1440,US9333649B1,1,0.342
1441,US9170938B1,0,0.26
1442,US8228391B2,1,0.313
1443,US6435740B1,0,0.106
1444,US5101226A,0,0.064
1445,US9350536B2,0,0.125
1446,US10073753B2,1,0.491
1447,US8078581B2,0,0.274
1448,US9311885B2,0,0.425
1449,US10140326B2,0,0.287
1450,US9104712B2,0,0.377
1451,US9596412B2,0,0.205
1452,US9694495B1,1,0.436
1453,US10112296B2,0,0.071
1454,US9710435B2,0,0.371
1455,US9792553B2,1,0.766
1456,US9607364B2,0,0.379
1457,US10118289B2,0,0.074
1458,US8977774B2,1,0.501
1459,US8928595B2,0,0.171
1460,US10084588B2,0,0.079
1461,US9967317B2,0,0.247
1462,US8902238B2,0,0.37
1463,US10069679B2,0,0.385
1464,US10120682B2,0,0.23
1465,US9354046B2,1,0.333
1466,US10116530B2,0,0.426
1467,US9302388B2,0,0.07
1468,US9815206B2,0,0.183
1469,US9649558B2,1,0.583
1470,US9760392B1,0,0.337
1471,US9717480B2,1,0.733
1472,US9613105B1,1,0.717
1473,US8359450B2,1,0.678
1474,US8947497B2,1,0.549
1475,US8136984B1,0,0.319
1476,US9233688B2,1,0.804
1477,US9569112B1,0,0.488
1478,US9043255B2,1,0.744
1479,US9762422B2,0,0.496
1480,US9378250B2,1,0.825
1481,US9471364B2,0,0.265
1482,US9104504B2,0,0.301
1483,US8466806B2,1,0.401
1484,US9285891B2,1,0.533
1485,US10018743B2,0,0.003
1486,US9367547B2,0,0.306
1487,US9461573B2,0,0.496
1488,US8888789B2,0,0.081
1489,US9448834B2,0,0.315
1490,US10001841B2,1,0.817
1491,US9275122B2,0,0.439
1492,US7838571B2,0,0.155
1493,US9264620B2,1,0.423
1494,US9959482B2,1,0.546
1495,US8518649B2,0,0.383
1496,US9124295B2,1,0.672
1497,US9668824B2,0,0.386
1498,US8438997B2,1,0.663
1499,US5530494A,0,0.225
1500,US9118182B2,1,0.779
1501,US6819785B1,1,0.615
1502,US10091070B2,1,0.762
1503,US9743913B2,1,0.624
1504,US10068140B2,1,0.887
1505,US9942777B1,0,0.341
1506,US7219996B2,0,0.082
1507,US6785410B2,1,0.636
1508,US10100375B2,0,0.356
1509,US9516503B2,0,0.3
1510,US6819779B1,1,0.61
1511,US9727961B2,0,0.287
1512,US10030364B2,0,0.138
1513,US9715592B2,1,0.597
1514,US9829381B2,0,0.412
1515,US8996773B2,0,0.16
1516,US6961086B1,0,0.311
1517,US8774212B2,0,0.278
1518,US8990078B2,1,0.492
1519,US9324033B2,1,0.884
1520,US9483053B2,0,0.081
1521,US9509707B2,1,0.719
1522,US9749186B2,0,0.171
1523,US9749516B2,0,0.169
1524,US9398219B2,1,0.791
1525,US9832453B2,0,0.292
1526,US8308237B2,0,0.299
1527,US9055891B2,0,0.281
1528,US9445067B2,1,0.513
1529,US8270477B2,1,0.393
1530,US8040260B2,1,0.508
1531,US9053550B2,1,0.399
1532,US8103287B2,0,0.321
1533,US9747514B2,1,0.588
1534,US5602566A,0,0.241
1535,US9786148B2,0,0.348
1536,US7979397B2,0,0.252
1537,US7466335B2,0,0.438
1538,US9684825B2,1,0.867
1539,US9510805B2,0,0.358
1540,US9909192B2,0,0.435
1541,US9424461B1,1,0.848
1542,US8488012B2,1,0.704
1543,US9959485B2,1,0.89
1544,US9374147B2,0,0.193
1545,US9767562B2,1,0.874
1546,US8508602B2,1,0.544
1547,US8694647B2,0,0.172
1548,US6731778B1,0,0.394
1549,US9002944B2,0,0.357
1550,US9178965B2,0,0.259
1551,US8995768B2,1,0.58
1552,US9418398B2,0,0.64
1553,US8390674B2,1,0.558
1554,US7042513B2,1,0.598
1555,US9710879B2,0,0.406
1556,US7535222B2,0,0.222
1557,US8971597B2,1,0.707
1558,US8949170B2,1,0.906
1559,US9836661B2,1,0.549
1560,US9770300B2,0,0.08
1561,US10092166B2,1,0.886
1562,US6269175A,1,0.564
1563,US9922336B2,1,0.44
1564,US10063748B2,1,0.84
1565,US8855886B2,1,0.429
1566,US9002130B2,1,0.439
1567,US9992641B2,1,0.767
1568,US9071275B2,0,0.212
1569,US6739767B2,1,0.857
1570,US9473725B2,1,0.719
1571,US8890938B2,1,0.533
1572,US7852397B2,0,0.18
1573,US9330320B2,1,0.626
1574,US9928425B2,1,0.695
1575,US9201688B2,0,0.317
1576,US9083877B2,1,0.67
1577,US6393142B1,1,0.673
1578,US9767565B2,1,0.865
1579,US8254026B2,0,0.212
1580,US10127452B2,1,0.581
1581,US8873835B2,1,0.513
1582,US5767832A,0,0.274
1583,US9330316B2,1,0.681
1584,US7330584B2,1,0.701
1585,US9545723B2,0,0.435
1586,US10095917B2,1,0.845
1587,US9342887B2,1,0.614
1588,US8896433B2,1,0.208
1589,US8411155B2,0,0.42
1590,US8775941B1,0,0.602
1591,US9152701B2,1,0.355
1592,US10079947B1,1,0.13
1593,US9332075B2,0,0.452
1594,US9276746B2,0,0.638
1595,US9196062B2,0,0.431
1596,US4580513A,1,0.247
1597,US9066615B2,1,0.055
1598,US8995619B2,1,0.161
1599,US9519805B2,0,0.56
1600,US6507704B2,0,0.564
1601,US7935130B2,0,0.023
1602,US10105730B2,0,0.184
1603,US9163824B2,0,0.0
1604,US6560126B1,0,0.098
1605,US9591808B2,0,0.004
1606,US7708473B2,0,0.15
1607,US9789802B2,0,0.005
1608,US7764046B2,0,0.018
1609,US9936680B2,0,0.108
1610,US9949604B2,0,0.0
1611,US9469027B2,0,0.117
1612,US9245551B2,0,0.015
1613,US8663950B2,0,0.042
1614,US9174890B2,0,0.006
1615,US9556988B2,0,0.003
1616,US4955984A,0,0.051
1617,US6174958A,0,0.028
1618,US5876620A,0,0.007
1619,US9674938B2,0,0.007
1620,US9426999B2,0,0.066
1621,US9922878B2,0,0.059
1622,US7162816B2,0,0.002
1623,US8829673B2,0,0.02
1624,US9766159B2,0,0.113
1625,US9818633B2,0,0.035
1626,US8950973B2,0,0.024
1627,US9186781B2,0,0.019
1628,US8936691B2,0,0.025
1629,US9062191B2,0,0.009
1630,US9278919B1,0,0.005
1631,US10011935B2,0,0.003
1632,US8858184B2,0,0.403
1633,US9206079B2,0,0.178
1634,US5184173A,0,0.045
1635,US7476779B2,0,0.005
1636,US8267613B2,0,0.001
1637,US9384713B1,0,0.181
1638,US7419975B2,0,0.0
1639,US8708355B1,0,0.08
1640,US9028753B2,0,0.007
1641,US9038707B2,0,0.24
1642,US7963603B2,0,0.011
1643,US7243515B2,0,0.002
1644,US9551388B2,0,0.013
1645,US5905021A,0,0.105
1646,US5324378A,0,0.076
1647,US7015252B2,0,0.013
1648,US9587364B2,0,0.001
1649,US10068560B1,0,0.022
1650,US4710062A,0,0.024
1651,US10056589B2,0,0.104
1652,US8651268B2,0,0.018
1653,US5611557A,0,0.103
1654,US7592653B2,0,0.005
1655,US9527772B2,0,0.121
1656,US9897751B2,0,0.009
1657,US5184547A,0,0.004
1658,US7081132B2,0,0.01
1659,US6381412B1,0,0.03
1660,US9446506B2,0,0.005
1661,US7695371B2,0,0.024
1662,US9903364B2,0,0.016
1663,US6408447B1,0,0.036
1664,US8969966B2,0,0.013
1665,US10048469B2,0,0.009
1666,US9066587B1,0,0.009
1667,US6213525A,0,0.008
1668,US10025263B2,0,0.127
1669,US9120229B2,0,0.097
1670,US9334734B2,0,0.035
1671,US7038901B2,0,0.02
1672,US7502217B2,0,0.011
1673,US10113437B2,0,0.027
1674,US6971718B2,0,0.006
1675,US5667263A,0,0.008
1676,US6503984B2,0,0.013
1677,US9250025B2,0,0.016
1678,US5058815A,0,0.085
1679,US7413573B2,0,0.005
1680,US8000339B2,0,0.081
1681,US4787703A,0,0.007
1682,US9969707B2,0,0.088
1683,US9670779B2,0,0.005
1684,US9919374B2,0,0.004
1685,US5100202A,0,0.004
1686,US9054865B2,0,0.219
1687,US9968116B2,0,0.051
1688,US7823425B2,0,0.005
1689,US9309264B2,0,0.004
1690,US8552330B2,0,0.003
1691,US7422179B2,0,0.035
1692,US9087414B2,0,0.011
1693,US6615016B2,0,0.073
1694,US9458720B2,0,0.03
1695,US4763229A,0,0.045
1696,US9145309B2,0,0.0
1697,US7878085B2,0,0.002
1698,US10046943B2,0,0.005
1699,US4908422A,0,0.003
1700,US9658002B2,0,0.017
1701,US10076613B2,0,0.02
1702,US6107367A,0,0.266
1703,US9339709B2,0,0.161
1704,US4681399A,0,0.014
1705,US7028392B1,0,0.027
1706,US5029979A,0,0.009
1707,US7988009B2,0,0.004
1708,US10018533B2,0,0.03
1709,US5346251A,0,0.046
1710,US9332744B2,0,0.006
1711,US9045938B2,0,0.001
1712,US9556589B2,0,0.081
1713,US9701010B2,0,0.065
1714,US5291828A,0,0.0
1715,US10130147B2,0,0.011
1716,US9994295B2,0,0.003
1717,US9975134B2,0,0.013
1718,US4715402A,0,0.006
1719,US10066178B2,0,0.015
1720,US4789775A,0,0.026
1721,US9926286B2,0,0.049
1722,US9117580B2,0,0.008
1723,US9677858B1,0,0.001
1724,US5304592A,0,0.021
1725,US9554200B2,0,0.006
1726,US9719000B2,0,0.022
1727,US5188749A,0,0.006
1728,US10072100B2,0,0.005
1729,US9653224B2,0,0.017
1730,US8954635B2,0,0.023
1731,US7932572B2,0,0.022
1732,US4711322A,0,0.018
1733,US9922741B2,0,0.02
1734,US9809399B1,0,0.044
1735,US4599436A,0,0.01
1736,US8950998B2,0,0.004
1737,US7150734B2,0,0.006
1738,US7565159B2,0,0.046
1739,US6579035B1,0,0.203
1740,US7739809B2,0,0.01
1741,US7816609B2,0,0.007
1742,US8770103B2,0,0.003
1743,US10082637B2,0,0.008
1744,US4908916A,0,0.005
1745,US9810000B2,0,0.019
1746,US9290652B2,0,0.03
1747,US4650393A,0,0.012
1748,US8952426B2,0,0.013
1749,US9785451B1,0,0.125
1750,US8414731B2,0,0.392
1751,US10060639B2,0,0.408
1752,US9397468B2,0,0.029
1753,US8494030B2,0,0.074
1754,US9563192B2,0,0.288
1755,US9977022B2,0,0.12
1756,US9655681B2,0,0.058
1757,US9437903B2,0,0.103
1758,US9916825B2,1,0.849
1759,US9728184B2,1,0.862
1760,US7499069B2,0,0.109
1761,US9010693B1,0,0.026
1762,US9047965B2,0,0.039
1763,US9889480B2,0,0.042
1764,US5412443A,0,0.012
1765,US10065347B2,1,0.749
1766,US6386392B1,0,0.005
1767,US5865529A,0,0.146
1768,US5238531A,0,0.127
1769,US7010108B2,0,0.033
1770,US8061560B2,0,0.149
1771,US5121527A,0,0.012
1772,US5255030A,0,0.053
1773,US6603131B2,0,0.019
1774,US7298410B2,0,0.017
1775,US9597057B2,0,0.02
1776,US8650732B2,0,0.124
1777,US7023132B2,0,0.036
1778,US8056954B2,0,0.001
1779,US8830125B1,0,0.024
1780,US9190499B2,0,0.014
1781,US9302198B1,0,0.141
1782,US10003797B2,0,0.319
1783,US10129809B2,0,0.196
1784,US10092337B2,0,0.139
1785,US8082086B2,0,0.124
1786,US9631691B2,0,0.017
1787,US9545098B2,0,0.043
1788,US9295291B2,0,0.007
1789,US9509679B2,0,0.109
1790,US10075154B1,0,0.029
1791,US10027230B2,0,0.01
1792,US9831078B2,0,0.008
1793,US9667719B1,0,0.146
1794,US8993373B2,0,0.215
1795,US9948158B2,0,0.0
1796,US9324494B2,0,0.074
1797,US9618690B2,0,0.032
1798,US9937982B2,0,0.003
1799,US10011669B2,0,0.05
1800,US9173386B2,0,0.012
1801,US9086135B2,0,0.009
1802,US9150178B1,0,0.015
1803,US10004344B1,0,0.017
1804,US9338454B2,0,0.24
1805,US6215835A,0,0.256
1806,US6265129A,0,0.286
1807,US9528841B2,1,0.583
1808,US4811846A,0,0.018
1809,US7669390B2,0,0.016
1810,US10103122B2,0,0.016
1811,US7714308B2,0,0.058
1812,US9336772B1,1,0.928
1813,US10002701B2,1,0.799
1814,US7097651B2,0,0.188
1815,US5810444A,0,0.017
1816,US8456916B2,0,0.006
1817,US7227053B2,0,0.062
1818,US9924844B1,0,0.01
1819,US6917065B2,0,0.051
1820,US4771627A,0,0.018
1821,US10127739B2,0,0.304
1822,US6259158A,0,0.197
1823,US5353077A,0,0.051
1824,US4985277A,0,0.074
1825,US9526553B2,0,0.01
1826,US9060795B2,0,0.049
1827,US9878349B2,0,0.015
1828,US10127904B2,1,0.838
1829,US9704097B2,1,0.808
1830,US10035743B1,0,0.007
1831,US9370400B2,0,0.006
1832,US9327409B2,0,0.01
1833,US9357556B2,0,0.263
1834,US10067302B2,0,0.125
1835,US9119785B2,0,0.006
1836,US9938687B1,0,0.019
1837,US9588359B2,0,0.003
1838,US10052064B2,0,0.034
1839,US9400651B2,0,0.111
1840,US10087879B2,0,0.002
1841,US9714737B2,0,0.039
1842,US9463732B2,0,0.005
1843,US5233383A,0,0.034
1844,US9725620B2,0,0.057
1845,US9085513B2,0,0.028
1846,US7562475B2,0,0.009
1847,US9057392B2,0,0.03
1848,US9493454B2,0,0.031
1849,US9296627B1,0,0.053
1850,US9345554B1,0,0.139
1851,US9129073B2,0,0.142
1852,US8496926B2,0,0.006
1853,US7704846B2,0,0.008
1854,US9775196B2,0,0.034
1855,US7761215B2,0,0.01
1856,US7940920B2,0,0.033
1857,US7340390B2,0,0.128
1858,US9904548B2,0,0.209
1859,US9950867B2,0,0.034
1860,US9682117B2,0,0.115
1861,US9000137B2,0,0.088
1862,US8140761B2,0,0.2
1863,US7004291B2,0,0.045
1864,US9070776B2,0,0.065
1865,US8776894B2,0,0.03
1866,US9299734B2,0,0.076
1867,US9771552B2,0,0.031
1868,US7759547B2,0,0.047
1869,US9019224B2,0,0.24
1870,US8213926B2,0,0.188
1871,US5006010A,0,0.094
1872,US9786396B2,0,0.017
1873,US8935273B2,0,0.202
1874,US9978067B1,1,0.872
1875,US10139268B2,0,0.056
1876,US9483305B1,0,0.272
1877,US9146512B2,0,0.235
1878,US6662101B2,1,0.899
1879,US9057830B2,0,0.129
1880,US7693225B2,0,0.158
1881,US10046378B2,0,0.041
1882,US9755813B2,0,0.054
1883,US9834146B2,0,0.031
1884,US9708907B2,0,0.194
1885,US9522221B2,0,0.039
1886,US9757864B2,0,0.023
1887,US4843294A,0,0.032
1888,US9081507B2,0,0.285
1889,US6340794B1,0,0.032
1890,US9790004B1,0,0.024
1891,US9760512B1,0,0.161
1892,US9132810B2,0,0.023
1893,US9314647B2,0,0.024
1894,US10030947B1,0,0.008
1895,US9329404B1,0,0.007
1896,US9960728B2,0,0.14
1897,US7738480B2,0,0.226
1898,US9036667B2,0,0.082
1899,US9525413B2,0,0.021
1900,US6829069B2,0,0.017
1901,US8433784B2,1,0.539
1902,US6404763B1,0,0.146
1903,US9433184B2,0,0.049
1904,US9157018B2,0,0.013
1905,US10019905B1,1,0.586
1906,US9678501B2,1,0.798
1907,US9396414B2,1,0.75
1908,US9384595B2,0,0.105
1909,US9114682B1,0,0.17
1910,US10106388B2,0,0.049
1911,US5205238A,0,0.113
1912,US9123336B1,1,0.619
1913,US9171247B1,1,0.773
1914,US5395031A,0,0.058
1915,US9879575B2,0,0.016
1916,US9879935B2,0,0.023
1917,US7325879B2,0,0.023
1918,US5265155A,0,0.15
1919,US9241602B2,0,0.004
1920,US9630685B2,0,0.014
1921,US9413940B2,0,0.064
1922,US9263006B2,0,0.021
1923,US10013339B2,0,0.277
1924,US8867786B2,1,0.82
1925,US7619635B1,0,0.239
1926,US9086669B2,0,0.233
1927,US7680594B2,1,0.471
1928,US10053667B2,0,0.257
1929,US5557161A,0,0.068
1930,US8091953B2,0,0.012
1931,US9532619B1,0,0.03
1932,US9938153B2,0,0.175
1933,US9757842B2,0,0.02
1934,US9207657B2,0,0.088
1935,US9857231B2,0,0.03
1936,US9229934B2,0,0.136
1937,US9575131B2,0,0.108
1938,US9418246B2,0,0.387
1939,US9878270B2,0,0.046
1940,US7393651B2,0,0.037
1941,US9846130B2,0,0.019
1942,US10022122B2,0,0.166
1943,US9585894B2,0,0.158
1944,US8979506B2,0,0.014
1945,US8970737B2,0,0.113
1946,US6207962A,0,0.189
1947,US6015629A,0,0.005
1948,US9084623B2,0,0.098
1949,US9556440B2,0,0.157
1950,US9944192B2,0,0.139
1951,US9327397B1,0,0.155
1952,US9192319B2,1,0.85
1953,US8576008B2,0,0.17
1954,US9328443B2,0,0.088
1955,US5677706A,0,0.28
1956,US9165390B2,1,0.69
1957,US7966277B2,1,0.81
1958,US9215744B2,0,0.288
1959,US5377751A,0,0.023
1960,US6633752B1,0,0.209
1961,US5495757A,0,0.048
1962,US9745965B2,0,0.057
1963,US7292123B2,0,0.054
1964,US9206994B2,0,0.163
1965,US8969261B2,0,0.038
1966,US9959189B2,0,0.212
1967,US9097095B2,0,0.023
1968,US9638828B2,0,0.23
1969,US10028327B2,0,0.175
1970,US7912716B2,0,0.358
1971,US9455195B2,0,0.07
1972,US9556090B2,0,0.052
1973,US5247168A,0,0.162
1974,US9599443B2,0,0.038
1975,US9605315B2,0,0.266
1976,US9372280B2,0,0.035
1977,US9678219B2,0,0.299
1978,US9747555B2,1,0.838
1979,US9094243B2,0,0.275
1980,US9557057B2,0,0.212
1981,US7177417B2,0,0.074
1982,US4608491A,0,0.039
1983,US6837630B2,0,0.037
1984,US6559900B1,0,0.057
1985,US4719643A,0,0.308
1986,US9588400B2,0,0.283
1987,US10046367B2,0,0.083
1988,US10027458B2,0,0.085
1989,US8779847B1,0,0.246
1990,US9088990B2,0,0.209
1991,US9950881B2,0,0.014
1992,US5446509A,0,0.025
1993,US9576468B2,1,0.845
1994,US4517507A,0,0.07
1995,US9413686B2,0,0.171
1996,US8994776B2,0,0.069
1997,US9188401B2,0,0.067
1998,US4711230A,0,0.064
1999,US9918724B2,0,0.018
2000,US8961376B2,0,0.049
2001,US9704593B2,0,0.094
2002,US9296486B2,0,0.076
2003,US8457012B2,0,0.144
2004,US7327423B2,0,0.122
2005,US9883407B2,0,0.335
2006,US8998555B1,0,0.048
2007,US7794592B2,0,0.047
2008,US9568444B2,0,0.101
2009,US7778412B2,0,0.165
2010,US8255549B2,0,0.043
2011,US9858263B2,1,0.866
2012,US8964942B2,0,0.104
2013,US7729568B2,0,0.157
2014,US9834460B2,0,0.055
2015,US9366409B2,0,0.148
2016,US10082597B2,0,0.089
2017,US10111149B2,0,0.176
2018,US10025651B2,0,0.151
2019,US9993637B2,0,0.006
2020,US9027298B1,0,0.075
2021,US5214291A,0,0.175
2022,US9278818B2,0,0.028
2023,US9975258B2,0,0.006
2024,US9514503B2,0,0.398
2025,US9305178B2,0,0.321
2026,US8665358B2,0,0.297
2027,US9201677B2,0,0.197
2028,US4795882A,0,0.072
2029,US9568291B2,0,0.038
2030,US9369080B2,0,0.311
2031,US10022619B2,0,0.172
2032,US9876493B2,0,0.021
2033,US5652646A,0,0.182
2034,US9406073B2,0,0.216
2035,US10102725B2,0,0.235
2036,US9438341B2,1,0.759
2037,US9124981B2,1,0.61
2038,US9654938B2,0,0.089
2039,US9122878B1,0,0.311
2040,US7190981B2,0,0.21
2041,US5305051A,0,0.066
2042,US9187090B2,0,0.308
2043,US10003605B2,1,0.76
2044,US10083053B2,0,0.176
2045,US5200929A,0,0.232
2046,US7865826B2,0,0.217
2047,US9832095B2,1,0.603
2048,US9485133B2,0,0.227
2049,US7383934B2,0,0.149
2050,US9754507B1,0,0.343
2051,US10057631B2,0,0.192
2052,US9746178B2,0,0.066
2053,US10131414B2,0,0.111
2054,US9759584B2,0,0.235
2055,US9021178B2,0,0.091
2056,US9723806B2,0,0.05
2057,US10055691B2,1,0.819
2058,US9992551B1,0,0.127
2059,US8798795B2,0,0.039
2060,US10045898B2,0,0.011
2061,US10005182B2,0,0.091
2062,US9804007B2,0,0.156
2063,US7382542B2,0,0.067
2064,US9248875B2,0,0.013
2065,US6243588A,0,0.244
2066,US9208431B2,1,0.776
2067,US5742751A,0,0.143
2068,US8983844B1,0,0.561
2069,US9848965B2,0,0.594
2070,US10070763B2,0,0.006
2071,US8922801B2,0,0.217
2072,US6426777B1,0,0.083
2073,US9014178B1,0,0.154
2074,US10062280B2,1,0.775
2075,US9826929B2,1,0.59
2076,US9545146B1,0,0.058
2077,US5227798A,0,0.078
2078,US9672360B2,0,0.098
2079,US9036993B2,0,0.359
2080,US9753959B2,1,0.794
2081,US9681113B2,0,0.189
2082,US7646890B2,1,0.621
2083,US8968748B2,0,0.069
2084,US10051351B2,0,0.266
2085,US5424788A,0,0.082
2086,US9887741B2,0,0.121
2087,US9424053B2,0,0.375
2088,US9666068B2,0,0.16
2089,US7778212B2,0,0.108
2090,US9221170B2,1,0.446
2091,US8935428B2,0,0.254
2092,US9849585B2,0,0.056
2093,US9563251B2,1,0.782
2094,US9225959B2,1,0.578
2095,US9070135B2,0,0.451
2096,US9287149B2,0,0.093
2097,US9998445B2,0,0.309
2098,US10070111B2,0,0.607
2099,US9739141B2,0,0.103
2100,US6181643A,0,0.253
2101,US10070321B2,0,0.256
2102,US9905086B1,0,0.272
2103,US9078623B2,0,0.087
2104,US10088701B2,1,0.675
2105,US9163920B2,0,0.054
2106,US8401251B2,1,0.647
2107,US9827669B2,0,0.097
2108,US9818780B2,0,0.093
2109,US9996804B2,1,0.828
2110,US6754221B1,0,0.353
2111,US10133615B2,0,0.268
2112,US9843159B2,0,0.109
2113,US9547487B2,0,0.318
2114,US9405812B2,1,0.554
2115,US6826444B2,0,0.051
2116,US9217720B2,0,0.169
2117,US8952616B2,1,0.807
2118,US9724593B2,0,0.073
2119,US9558314B2,0,0.237
2120,US10136952B2,0,0.199
2121,US7235784B2,0,0.237
2122,US10040190B2,0,0.026
2123,US9352470B1,0,0.165
2124,US9710829B1,1,0.702
2125,US8949862B2,0,0.277
2126,US9572036B2,0,0.262
2127,US8830309B2,1,0.655
2128,US9264622B2,0,0.367
2129,US9792265B2,0,0.474
2130,US7193648B1,0,0.191
2131,US9961415B2,0,0.434
2132,US9620308B1,0,0.294
2133,US7933433B2,0,0.566
2134,US10095537B1,0,0.362
2135,US9232773B2,0,0.025
2136,US6924823B2,1,0.759
2137,US9154464B2,0,0.378
2138,US8977959B2,1,0.778
2139,US9804465B2,0,0.087
2140,US9270841B2,1,0.574
2141,US8831773B2,0,0.077
2142,US6401859B1,0,0.14
2143,US9307346B2,0,0.141
2144,US7626394B2,0,0.224
2145,US9786299B2,1,0.792
2146,US9827670B1,0,0.204
2147,US10084724B2,0,0.308
2148,US6879706B2,1,0.446
2149,US8990614B2,0,0.133
2150,US9443065B1,0,0.381
2151,US10127494B1,1,0.635
2152,US8458103B2,1,0.633
2153,US6618497B1,1,0.924
2154,US9753377B2,1,0.795
2155,US8607278B2,0,0.324
2156,US9273587B2,0,0.167
2157,US10024991B2,1,0.773
2158,US9085081B2,0,0.079
2159,US8971522B2,0,0.257
2160,US8933572B1,1,0.685
2161,US9515634B1,0,0.178
2162,US9836820B2,1,0.776
2163,US6601048B1,1,0.838
2164,US9781243B1,1,0.817
2165,US9742794B2,1,0.553
2166,US9871787B2,0,0.446
2167,US9972478B2,1,0.743
2168,US10088815B2,1,0.75
2169,US10015553B2,1,0.788
2170,US6895356B2,0,0.404
2171,US9256650B2,1,0.685
2172,US9521311B2,1,0.523
2173,US9804604B2,0,0.155
2174,US9100571B2,0,0.221
2175,US8959406B2,1,0.77
2176,US4884880A,0,0.055
2177,US8259194B2,0,0.133
2178,US10004625B2,0,0.076
2179,US8966315B2,0,0.389
2180,US8525890B2,0,0.328
2181,US9846898B2,1,0.487
2182,US9767443B1,0,0.209
2183,US9053595B2,1,0.815
2184,US10031580B2,0,0.342
2185,US8947546B2,0,0.474
2186,US9044856B2,0,0.25
2187,US7937547B2,0,0.292
2188,US9132553B2,0,0.119
2189,US9506809B2,0,0.103
2190,US9460629B2,0,0.131
2191,US9785715B1,1,0.772
2192,US9430498B2,0,0.391
2193,US9710910B2,1,0.855
2194,US9630398B2,0,0.035
2195,US6112033A,0,0.112
2196,US5259748A,0,0.323
2197,US9788361B2,0,0.362
2198,US8106906B1,0,0.403
2199,US9367402B1,0,0.07
2200,US10032167B2,1,0.757
2201,US7302338B2,1,0.647
2202,US9050634B2,0,0.169
2203,US7839490B2,0,0.38
2204,US9886851B2,1,0.592
2205,US9436879B2,1,0.852
2206,US10009539B2,1,0.898
2207,US10003923B2,1,0.786
2208,US9864825B2,0,0.219
2209,US9537446B2,0,0.157
2210,US9340957B2,0,0.31
2211,US10048259B2,0,0.441
2212,US6268890A,0,0.191
2213,US8390672B2,0,0.085
2214,US8239411B2,0,0.372
2215,US6599242B1,0,0.389
2216,US7660402B1,0,0.346
2217,US10020853B2,0,0.242
2218,US4794417A,0,0.092
2219,US10032281B1,1,0.78
2220,US9472176B2,0,0.34
2221,US10140603B2,0,0.175
2222,US9948523B2,0,0.282
2223,US9660751B2,0,0.288
2224,US9482528B2,1,0.529
2225,US10114148B2,1,0.861
2226,US9301004B2,1,0.761
2227,US9796540B1,0,0.068
2228,US8126991B2,0,0.34
2229,US9751211B1,1,0.487
2230,US6765616B1,0,0.382
2231,US9471361B2,0,0.323
2232,US8345299B2,0,0.374
2233,US9635562B2,1,0.495
2234,US7974362B2,0,0.321
2235,US9486128B1,1,0.369
2236,US9836644B2,1,0.801
2237,US9696873B2,1,0.501
2238,US9849198B2,0,0.271
2239,US9060595B2,0,0.256
2240,US9961339B2,0,0.243
2241,US7027787B2,0,0.075
2242,US10136949B2,1,0.409
2243,US9146837B2,0,0.073
2244,US6283086A,1,0.536
2245,US9962054B2,1,0.644
2246,US9221137B2,0,0.223
2247,US10052766B2,0,0.366
2248,US9896836B1,0,0.145
2249,US9569663B1,1,0.725
2250,US10075644B2,1,0.926
2251,US7466482B2,0,0.058
2252,US6816452B1,0,0.214
2253,US9099023B2,0,0.381
2254,US9224242B2,1,0.649
2255,US9762834B2,1,0.436
2256,US9709291B2,0,0.382
2257,US9646385B2,1,0.695
2258,US9068873B2,1,0.867
2259,US9990794B2,0,0.187
2260,US9021428B2,0,0.348
2261,US8953571B2,1,0.564
2262,US8977398B2,0,0.12
2263,US7365284B2,0,0.239
2264,US9569700B1,1,0.782
2265,US9945794B2,0,0.227
2266,US10089717B2,1,0.847
2267,US9806921B2,0,0.21
2268,US9894205B1,1,0.575
2269,US5266948A,0,0.522
2270,US9132552B2,0,0.126
2271,US8554877B2,0,0.174
2272,US7010414B2,0,0.164
2273,US9798461B2,0,0.17
2274,US9091594B2,0,0.212
2275,US9390399B2,0,0.314
2276,US8904547B2,1,0.584
2277,US7602185B2,0,0.357
2278,US5659139A,0,0.254
2279,US9600865B2,0,0.281
2280,US4780829A,0,0.171
2281,US9288275B2,1,0.664
2282,US9836595B1,1,0.825
2283,US8525913B2,0,0.364
2284,US9613319B1,1,0.592
2285,US9380939B2,1,0.514
2286,US10059004B2,1,0.62
2287,US7561675B2,0,0.264
2288,US9675229B2,0,0.048
2289,US7792850B1,1,0.812
2290,US9807276B2,1,0.767
2291,US7822575B2,0,0.165
2292,US9821812B2,1,0.603
2293,US9223631B2,0,0.186
2294,US10058995B1,0,0.349
2295,US5711881A,0,0.161
2296,US9262672B2,1,0.849
2297,US9141461B2,0,0.461
2298,US8902345B2,0,0.435
2299,US10006895B2,0,0.234
2300,US9754580B2,1,0.757
2301,US9418247B2,0,0.197
2302,US7245749B2,0,0.374
2303,US10102018B2,0,0.418
2304,US9298870B1,1,0.499
2305,US9875428B2,1,0.788
2306,US8139140B2,0,0.295
2307,US9457839B2,0,0.203
2308,US5519886A,0,0.263
2309,US8830349B2,1,0.695
2310,US10013053B2,0,0.29
2311,US7564869B2,0,0.297
2312,US9261771B2,0,0.358
2313,US9489636B2,1,0.734
2314,US10138062B2,0,0.061
2315,US9875423B2,0,0.559
2316,US9159137B2,1,0.838
2317,US10133763B2,1,0.486
2318,US7299138B2,0,0.396
2319,US7925603B1,1,0.613
2320,US9380214B2,0,0.234
2321,US9078020B2,0,0.5
2322,US9634680B1,1,0.665
2323,US10089197B2,0,0.495
2324,US9659247B2,1,0.683
2325,US9146895B2,1,0.851
2326,US10030426B2,0,0.126
2327,US8059185B2,0,0.239
2328,US9302390B2,0,0.173
2329,US9005715B2,0,0.082
2330,US9942612B2,1,0.737
2331,US9189833B2,1,0.688
2332,US9320043B2,0,0.218
2333,US9843462B2,0,0.398
2334,US7917024B2,1,0.278
2335,US10055391B2,1,0.808
2336,US10055655B2,0,0.419
2337,US8983189B2,1,0.487
2338,US9063977B2,1,0.483
2339,US9904271B2,0,0.356
2340,US9979327B2,0,0.042
2341,US9893620B2,0,0.134
2342,US9727206B2,0,0.48
2343,US9253424B2,1,0.865
2344,US6441902B1,0,0.447
2345,US9860386B2,0,0.21
2346,US9740987B2,1,0.791
2347,US9521333B2,0,0.262
2348,US8977378B2,0,0.307
2349,US9591213B2,0,0.311
2350,US9390621B2,1,0.834
2351,US9147017B2,1,0.551
2352,US10009613B2,0,0.393
2353,US7433350B2,0,0.373
2354,US9449374B2,1,0.782
2355,US8972479B2,0,0.429
2356,US8497932B2,0,0.174
2357,US9323785B2,1,0.703
2358,US9602085B2,0,0.329
2359,US9497355B2,1,0.853
2360,US8984474B2,1,0.519
2361,US9426517B2,0,0.409
2362,US9350912B2,0,0.531
2363,US9236916B2,0,0.334
2364,US7640192B1,1,0.469
2365,US8838276B1,0,0.26
2366,US9757004B2,0,0.026
2367,US8280906B1,0,0.321
2368,US9208454B2,1,0.482
2369,US9664779B2,1,0.559
2370,US9743902B2,1,0.809
2371,US9618970B2,0,0.235
2372,US9584768B2,1,0.866
2373,US8874485B2,1,0.537
2374,US10051139B2,0,0.329
2375,US9684964B2,1,0.959
2376,US7038699B2,1,0.711
2377,US9140601B2,1,0.436
2378,US10009593B2,1,0.648
2379,US9703939B2,1,0.529
2380,US9407811B2,1,0.786
2381,US9886623B2,1,0.784
2382,US8356034B2,1,0.544
2383,US9749914B2,0,0.257
2384,US10057576B2,0,0.586
2385,US9442760B2,1,0.505
2386,US6801296B2,1,0.882
2387,US9261974B2,1,0.761
2388,US10108844B2,1,0.63
2389,US6249912A,1,0.46
2390,US4634882A,1,0.248
2391,US9451176B2,1,0.42
2392,US9790788B2,0,0.492
2393,US8065297B2,1,0.143
2394,US9978631B2,1,0.063
2395,US8403573B2,1,0.275
2396,US9087039B2,1,0.394
2397,US7002458B2,1,0.19
2398,US9378120B2,1,0.082
2399,US10035263B2,1,0.02
2400,US5257045A,0,0.028
2401,US10130979B2,0,0.016
2402,US9085449B2,0,0.011
2403,US8557347B1,0,0.037
2404,US9919923B2,0,0.053
2405,US9549616B2,0,0.011
2406,US9532849B2,0,0.012
2407,US10086944B2,0,0.001
2408,US9424816B2,0,0.002
2409,US10065724B2,0,0.009
2410,US9907993B2,0,0.021
2411,US9850724B2,0,0.013
2412,US8997402B2,0,0.014
2413,US9272360B2,0,0.027
2414,US9523929B2,0,0.031
2415,US9833932B1,0,0.121
2416,US10020452B2,0,0.004
2417,US9702906B2,0,0.027
2418,US9356400B2,0,0.02
2419,US9109789B2,0,0.008
2420,US10117337B2,0,0.0
2421,US9115326B2,0,0.032
2422,US6143223A,0,0.085
2423,US9131640B2,0,0.152
2424,US9371955B2,0,0.036
2425,US6769529B2,0,0.024
2426,US6215214A,0,0.006
2427,US5297492A,0,0.02
2428,US9789031B2,0,0.014
2429,US4958461A,0,0.005
2430,US8416393B2,0,0.024
2431,US6071093A,0,0.054
2432,US9504796B2,0,0.015
2433,US6152693A,0,0.005
2434,US8659914B2,0,0.003
2435,US9657422B2,0,0.011
2436,US9312055B2,0,0.01
2437,US4774536A,0,0.031
2438,US7663020B2,0,0.018
2439,US9481529B2,0,0.012
2440,US5579875A,0,0.0
2441,US7858846B2,0,0.005
2442,US4684969A,0,0.013
2443,US8651539B1,0,0.022
2444,US8653570B2,0,0.371
2445,US10092965B2,0,0.011
2446,US9517118B1,0,0.012
2447,US5693521A,0,0.004
2448,US9204633B2,0,0.082
2449,US6328256A,0,0.002
2450,US9855487B2,0,0.002
2451,US6175324A,0,0.06
2452,US5492447A,0,0.006
2453,US9179818B2,0,0.16
2454,US7719079B2,0,0.021
2455,US8000575B2,0,0.001
2456,US7322619B2,0,0.003
2457,US10059391B2,0,0.01
2458,US8594656B2,0,0.055
2459,US9519291B2,0,0.034
2460,US9661889B1,0,0.016
2461,US7242431B2,0,0.035
2462,US8877588B2,0,0.018
2463,US7445053B2,0,0.01
2464,US8096608B2,0,0.023
2465,US7431321B2,0,0.001
2466,US7800229B2,0,0.003
2467,US8962880B2,0,0.059
2468,US9871169B2,0,0.002
2469,US9281454B2,0,0.003
2470,US7313323B2,0,0.043
2471,US9201200B2,0,0.005
2472,US10126621B2,0,0.077
2473,US9702167B2,0,0.007
2474,US5509703A,0,0.004
2475,US9624953B2,0,0.004
2476,US9174788B2,0,0.025
2477,US9278126B2,0,0.008
2478,US9601707B2,0,0.01
2479,US6043079A,0,0.01
2480,US7509872B2,0,0.234
2481,US9313870B2,0,0.063
2482,US8742576B2,0,0.028
2483,US9337093B2,0,0.008
2484,US4677148A,0,0.014
2485,US9353534B2,0,0.006
2486,US5968810A,0,0.042
2487,US9803131B2,0,0.009
2488,US7226551B2,0,0.059
2489,US7179392B2,0,0.008
2490,US10082411B2,0,0.003
2491,US10133306B2,0,0.019
2492,US4736957A,0,0.026
2493,US9328056B2,0,0.014
2494,US10000229B2,0,0.006
2495,US7748978B2,0,0.029
2496,US9954058B1,0,0.015
2497,US10113838B2,0,0.002
2498,US9267547B2,0,0.006
2499,US9834693B2,0,0.005
2500,US9315143B2,0,0.09
2501,US7208853B2,0,0.0
2502,US9882296B1,0,0.002
2503,US9446955B2,0,0.003
2504,US6860503B2,0,0.002
2505,US9302389B2,0,0.007
2506,US9586666B2,0,0.151
2507,US8960062B2,0,0.005
2508,US9975589B2,0,0.004
2509,US4925410A,0,0.0
2510,US9241496B2,0,0.024
2511,US9783349B2,0,0.001
2512,US9739350B2,0,0.016
2513,US9528641B2,0,0.0
2514,US5683138A,0,0.055
2515,US10059164B1,0,0.01
2516,US9399247B2,0,0.001
2517,US9700999B2,0,0.02
2518,US7735882B2,0,0.0
2519,US9709302B2,0,0.044
2520,US9468137B1,0,0.072
2521,US9920250B1,0,0.025
2522,US7627384B2,0,0.122
2523,US10049278B2,0,0.152
2524,US9610995B2,0,0.007
2525,US6933666B2,0,0.003
2526,US10004755B2,0,0.009
2527,US9003646B2,0,0.017
2528,US8148748B2,0,0.027
2529,US9457334B2,0,0.018
2530,US9322399B2,0,0.0
2531,US9768554B2,0,0.003
2532,US9787150B2,0,0.027
2533,US9741737B1,0,0.024
2534,US8837763B1,0,0.053
2535,US9537110B2,0,0.023
2536,US9450365B1,0,0.011
2537,US7798235B2,0,0.013
2538,US7726046B2,0,0.026
2539,US4757162A,0,0.018
2540,US5544909A,0,0.014
2541,US7810407B2,0,0.036
2542,US8036367B2,0,0.004
2543,US9765474B1,0,0.007
2544,US10087922B2,0,0.016
2545,US9098847B2,0,0.044
2546,US9069071B1,0,0.023
2547,US8171675B2,0,0.014
2548,US8444422B2,0,0.007
2549,US5475379A,0,0.096
2550,US9497295B2,0,0.189
2551,US9745124B2,0,0.026
2552,US6060718A,0,0.08
2553,US9278865B2,0,0.01
2554,US9117430B2,0,0.056
2555,US9976636B2,0,0.008
2556,US9428369B2,0,0.004
2557,US9669279B2,0,0.048
2558,US9969342B2,0,0.025
2559,US9539443B2,0,0.04
2560,US10031764B2,0,0.279
2561,US10017586B2,0,0.143
2562,US9878141B2,0,0.009
2563,US5290851A,0,0.014
2564,US10094209B2,0,0.302
2565,US7610375B2,1,0.847
2566,US9206006B2,0,0.046
2567,US9150292B2,0,0.015
2568,US7141930B2,0,0.058
2569,US8076650B2,0,0.1
2570,US5611101A,0,0.018
2571,US9708533B2,0,0.022
2572,US8395531B2,0,0.176
2573,US7926598B2,0,0.022
2574,US9186759B2,0,0.08
2575,US9950427B2,0,0.032
2576,US9833474B2,0,0.039
2577,US4771975A,0,0.042
2578,US7592270B2,0,0.104
2579,US4561666A,0,0.035
2580,US9333546B2,0,0.031
2581,US6766814B2,0,0.015
2582,US6160065A,0,0.029
2583,US5335675A,0,0.142
2584,US7760240B2,0,0.12
2585,US7205541B1,0,0.086
2586,US8663190B2,0,0.119
2587,US9306146B2,0,0.07
2588,US9623972B2,0,0.003
2589,US9049962B2,0,0.005
2590,US4708628A,0,0.01
2591,US9513234B2,0,0.308
2592,US7481476B2,0,0.021
2593,US8998317B2,0,0.015
2594,US9221337B2,0,0.011
2595,US9267817B2,0,0.014
2596,US9061541B2,0,0.023
2597,US9375550B2,0,0.009
2598,US9321187B2,0,0.079
2599,US9642485B2,0,0.016
2600,US9265985B2,0,0.047
2601,US9338087B2,0,0.306
2602,US8963159B2,0,0.047
2603,US9860979B2,0,0.013
2604,US9481530B2,0,0.019
2605,US9870897B2,0,0.001
2606,US9644520B2,0,0.097
2607,US7874240B2,0,0.01
2608,US4860508A,0,0.133
2609,US9653354B2,0,0.09
2610,US9091751B2,1,0.807
2611,US7953039B2,0,0.22
2612,US9480236B2,0,0.029
2613,US8701107B2,0,0.185
2614,US8304471B2,0,0.025
2615,US8222350B2,0,0.008
2616,US10128558B2,0,0.049
2617,US9818517B2,0,0.084
2618,US7336447B2,0,0.005
2619,US5979667A,0,0.004
2620,US5801387A,0,0.112
2621,US9234549B2,0,0.024
2622,US5732575A,0,0.009
2623,US10042460B2,0,0.026
2624,US7820895B1,0,0.017
2625,US9361975B2,0,0.097
2626,US9997175B1,0,0.084
2627,US9278837B2,0,0.018
2628,US8967949B2,0,0.034
2629,US9551392B2,0,0.009
2630,US8975455B2,0,0.021
2631,US9485847B1,0,0.068
2632,US9499241B2,0,0.017
2633,US9774389B2,0,0.161
2634,US9561691B2,0,0.003
2635,US9152064B2,0,0.226
2636,US9637150B1,0,0.032
2637,US9878848B2,0,0.027
2638,US8284544B2,0,0.04
2639,US10117002B2,0,0.015
2640,US8107214B2,0,0.011
2641,US9700879B2,0,0.036
2642,US5528935A,0,0.006
2643,US9011483B2,0,0.046
2644,US8511144B2,0,0.037
2645,US6588739B1,0,0.046
2646,US4703406A,0,0.01
2647,US9788770B1,0,0.059
2648,US9237925B2,0,0.12
2649,US9115303B2,0,0.021
2650,US9410071B1,0,0.02
2651,US9371603B2,0,0.077
2652,US10114322B2,0,0.005
2653,US9849479B2,0,0.019
2654,US9094329B2,0,0.153
2655,US9803263B2,0,0.023
2656,US7863612B2,0,0.027
2657,US9070210B1,0,0.103
2658,US8982247B2,0,0.222
2659,US7081347B2,0,0.305
2660,US9860124B2,0,0.149
2661,US9326456B2,0,0.009
2662,US9681740B2,0,0.012
2663,US9951420B2,0,0.048
2664,US9683553B2,0,0.058
2665,US8297839B2,0,0.157
2666,US9773538B2,0,0.01
2667,US10126225B2,0,0.13
2668,US9010259B2,0,0.243
2669,US9998311B2,0,0.171
2670,US9594817B2,1,0.82
2671,US9056274B2,0,0.017
2672,US9150762B2,0,0.314
2673,US9884225B2,0,0.014
2674,US9561829B1,0,0.04
2675,US9209221B2,0,0.11
2676,US9971526B1,0,0.236
2677,US9869648B2,0,0.23
2678,US10029365B2,0,0.017
2679,US8938934B2,0,0.038
2680,US9920390B2,0,0.097
2681,US9902864B2,0,0.008
2682,US5924277A,0,0.029
2683,US9980838B2,0,0.03
2684,US9938490B2,0,0.009
2685,US10064775B2,0,0.017
2686,US4554689A,0,0.002
2687,US9712185B2,0,0.162
2688,US10029363B2,0,0.016
2689,US7259691B2,0,0.091
2690,US9967263B2,0,0.369
2691,US9786595B1,0,0.101
2692,US10015802B2,0,0.16
2693,US9505474B1,0,0.06
2694,US6424843B1,0,0.159
2695,US6114158A,0,0.32
2696,US9247811B2,0,0.017
2697,US5784150A,0,0.124
2698,US9380080B2,0,0.217
2699,US6578604B1,0,0.03
2700,US10138231B2,0,0.021
2701,US8944192B2,0,0.137
2702,US10063965B2,1,0.782
2703,US9776326B2,0,0.172
2704,US9658612B2,0,0.094
2705,US9892329B2,1,0.89
2706,US6050652A,0,0.177
2707,US6639629B1,0,0.114
2708,US9624000B1,0,0.06
2709,US8774945B2,0,0.171
2710,US7992847B2,0,0.027
2711,US6523416B2,0,0.128
2712,US7877460B1,0,0.198
2713,US9544339B2,0,0.198
2714,US5917897A,0,0.354
2715,US8307443B2,0,0.153
2716,US10056112B2,1,0.712
2717,US8250482B2,0,0.256
2718,US6678681B1,1,0.637
2719,US10134028B2,0,0.058
2720,US9167920B2,0,0.0
2721,US9999913B2,0,0.006
2722,US9725256B1,0,0.087
2723,US9536249B2,0,0.235
2724,US8423492B2,1,0.724
2725,US9649466B2,0,0.148
2726,US7500329B2,0,0.025
2727,US8605262B2,0,0.19
2728,US9048901B2,0,0.058
2729,US9319572B2,0,0.108
2730,US7035726B2,0,0.241
2731,US7640796B2,0,0.167
2732,US4812697A,0,0.013
2733,US10087853B2,0,0.016
2734,US9799327B1,1,0.878
2735,US10076884B2,0,0.018
2736,US5683868A,0,0.088
2737,US7778265B2,0,0.266
2738,US9050956B2,0,0.099
2739,US10044867B2,1,0.642
2740,US6774167B1,0,0.03
2741,US8058912B2,0,0.157
2742,US9072520B2,0,0.087
2743,US8294335B2,0,0.069
2744,US8834473B2,0,0.031
2745,US9981247B2,0,0.025
2746,US9451619B2,0,0.357
2747,US9323695B2,1,0.876
2748,US9790935B2,0,0.004
2749,US9182320B2,0,0.087
2750,US8573914B1,0,0.057
2751,US9952977B2,0,0.331
2752,US9617721B2,0,0.08
2753,US8646404B2,0,0.017
2754,US9218842B2,0,0.249
2755,US7571816B2,0,0.062
2756,US9063149B2,0,0.103
2757,US9680271B2,0,0.088
2758,US9675730B2,0,0.126
2759,US9394658B1,0,0.018
2760,US9020710B2,0,0.12
2761,US9610219B1,0,0.069
2762,US9599179B2,0,0.056
2763,US8502703B2,1,0.617
2764,US4830422A,0,0.046
2765,US10113377B2,0,0.058
2766,US10024951B2,0,0.417
2767,US10127628B2,0,0.14
2768,US9654695B2,0,0.118
2769,US10099931B2,0,0.031
2770,US10047358B1,1,0.887
2771,US10080973B1,0,0.121
2772,US10080573B2,0,0.027
2773,US9806151B2,0,0.05
2774,US7190389B1,0,0.099
2775,US8937642B2,0,0.396
2776,US6730536B1,0,0.093
2777,US8447071B2,1,0.679
2778,US9075248B2,0,0.194
2779,US8483364B2,0,0.085
2780,US9452735B2,0,0.21
2781,US5664251A,0,0.287
2782,US9694445B2,0,0.041
2783,US9350735B1,0,0.421
2784,US9183334B1,0,0.263
2785,US9265227B2,0,0.008
2786,US5245352A,0,0.042
2787,US9579526B2,0,0.128
2788,US6683540B1,0,0.201
2789,US8978508B2,0,0.002
2790,US9120486B1,1,0.719
2791,US9396531B2,1,0.736
2792,US7304722B2,0,0.286
2793,US8838526B2,0,0.207
2794,US5986819A,0,0.108
2795,US9059862B2,0,0.257
2796,US9678059B2,1,0.834
2797,US9389202B2,0,0.172
2798,US9174035B2,0,0.019
2799,US7465594B2,0,0.033
2800,US6023420A,0,0.05
2801,US9413779B2,1,0.861
2802,US9133480B2,0,0.031
2803,US7945398B2,0,0.26
2804,US9508340B2,1,0.81
2805,US9305071B1,0,0.298
2806,US10057411B2,0,0.221
2807,US9602657B2,0,0.251
2808,US9271511B2,0,0.114
2809,US9265064B2,0,0.288
2810,US9858197B2,1,0.729
2811,US6227044A,0,0.071
2812,US9750456B2,0,0.076
2813,US9760958B2,0,0.205
2814,US8115592B2,0,0.07
2815,US5596563A,0,0.019
2816,US5032855A,0,0.133
2817,US9056396B1,1,0.51
2818,US9356944B1,1,0.848
2819,US9062347B2,0,0.329
2820,US7912627B2,1,0.88
2821,US9744797B2,0,0.016
2822,US6939881B2,0,0.045
2823,US10116918B2,1,0.599
2824,US9344641B2,0,0.153
2825,US9398873B2,0,0.159
2826,US7184782B1,0,0.098
2827,US9528829B2,0,0.075
2828,US8768295B2,0,0.135
2829,US9417005B1,0,0.082
2830,US7025192B2,0,0.193
2831,US4861184A,0,0.135
2832,US9078686B2,0,0.029
2833,US7969326B2,0,0.326
2834,US7388719B2,0,0.111
2835,US7619229B2,0,0.309
2836,US9005875B2,0,0.258
2837,US9077274B2,0,0.21
2838,US9497292B2,0,0.166
2839,US9656151B2,0,0.046
2840,US9545288B2,0,0.039
2841,US9145512B2,0,0.03
2842,US6353656B1,0,0.289
2843,US9398935B2,0,0.058
2844,US10142218B2,0,0.139
2845,US9198583B2,0,0.397
2846,US7755839B2,0,0.115
2847,US10017024B2,0,0.072
2848,US9811621B2,0,0.115
2849,US9823249B2,0,0.482
2850,US7641302B2,0,0.265
2851,US9527115B2,1,0.783
2852,US7912628B2,1,0.933
2853,US8943169B2,0,0.256
2854,US9310462B2,0,0.323
2855,US9307450B2,0,0.194
2856,US9914436B2,0,0.35
2857,US8980637B2,1,0.842
2858,US9779079B2,1,0.535
2859,US9455795B2,0,0.186
2860,US9970887B2,1,0.547
2861,US9868362B2,0,0.165
2862,US9817656B2,0,0.095
2863,US7572040B2,0,0.267
2864,US10140507B2,1,0.565
2865,US8848036B2,1,0.642
2866,US9195094B2,0,0.041
2867,US9985896B2,0,0.284
2868,US8950762B2,0,0.06
2869,US9568595B2,1,0.842
2870,US7411623B2,0,0.308
2871,US5309433A,0,0.161
2872,US5647747A,1,0.567
2873,US9329699B2,1,0.866
2874,US8608555B2,0,0.254
2875,US10055746B1,1,0.508
2876,US10025299B2,1,0.352
2877,US7542840B2,0,0.174
2878,US9268953B2,0,0.472
2879,US9594492B1,0,0.051
2880,US9431027B2,1,0.54
2881,US8935457B2,0,0.312
2882,US10089649B1,0,0.263
2883,US9411777B2,0,0.34
2884,US9377907B2,0,0.092
2885,US7574128B2,0,0.205
2886,US8582866B2,1,0.698
2887,US9342362B2,0,0.132
2888,US9514031B2,0,0.213
2889,US9173269B2,1,0.756
2890,US8565376B2,0,0.226
2891,US5606602A,0,0.299
2892,US6317359A,0,0.103
2893,US9430736B2,1,0.83
2894,US7746561B2,0,0.169
2895,US9507599B2,0,0.24
2896,US9794866B2,0,0.302
2897,US9409291B2,0,0.063
2898,US9679218B2,1,0.788
2899,US9430578B2,0,0.309
2900,US9465851B2,1,0.695
2901,US7058402B2,0,0.203
2902,US10126431B2,0,0.141
2903,US9809001B2,0,0.219
2904,US4895027A,0,0.186
2905,US9086025B2,0,0.232
2906,US9917790B2,0,0.241
2907,US9186449B2,0,0.331
2908,US8730087B2,0,0.293
2909,US8941868B2,0,0.126
2910,US8934377B2,0,0.492
2911,US9253407B2,0,0.322
2912,US8992012B2,0,0.113
2913,US9980082B2,0,0.125
2914,US9033790B2,1,0.853
2915,US10012766B2,1,0.798
2916,US9423290B2,0,0.252
2917,US8949550B2,0,0.239
2918,US9104577B2,1,0.664
2919,US9928215B1,0,0.405
2920,US8751646B1,0,0.222
2921,US8946637B2,0,0.187
2922,US9466292B1,1,0.836
2923,US10140051B1,0,0.311
2924,US8987490B2,0,0.028
2925,US7422406B2,0,0.138
2926,US9264861B1,1,0.778
2927,US7619752B2,0,0.055
2928,US9042616B2,1,0.608
2929,US6572298B1,0,0.362
2930,US7305579B2,0,0.379
2931,US9082140B2,1,0.505
2932,US7736965B2,0,0.024
2933,US9053438B2,1,0.805
2934,US8964482B2,0,0.204
2935,US9969507B2,1,0.742
2936,US9886651B2,1,0.851
2937,US9557282B1,0,0.03
2938,US9234942B2,0,0.276
2939,US8982132B2,0,0.265
2940,US9568640B2,0,0.286
2941,US10118295B2,0,0.102
2942,US7680046B2,0,0.432
2943,US9560456B2,0,0.381
2944,US9648853B2,0,0.131
2945,US9589330B2,1,0.864
2946,US10134266B2,0,0.177
2947,US9385648B2,0,0.091
2948,US10055265B2,0,0.389
2949,US9020282B2,0,0.365
2950,US8831781B2,0,0.045
2951,US9100966B2,0,0.324
2952,US9543225B2,1,0.797
2953,US8411133B2,0,0.388
2954,US9545810B2,0,0.152
2955,US8661141B2,0,0.071
2956,US9629591B2,0,0.316
2957,US9000048B2,0,0.078
2958,US7936381B2,0,0.189
2959,US9158381B2,1,0.793
2960,US9204703B2,0,0.166
2961,US9888385B1,0,0.109
2962,US9904435B2,0,0.291
2963,US7734275B2,1,0.755
2964,US9219441B2,0,0.178
2965,US9398612B2,0,0.328
2966,US9031035B2,0,0.291
2967,US9860264B2,0,0.276
2968,US9660444B2,0,0.017
2969,US9019815B2,0,0.233
2970,US9595261B2,1,0.877
2971,US8948629B2,0,0.219
2972,US9852568B2,0,0.356
2973,US9043458B2,0,0.169
2974,US9084937B2,1,0.629
2975,US8966991B2,0,0.062
2976,US9164808B2,0,0.364
2977,US8874804B2,0,0.271
2978,US7760919B2,0,0.175
2979,US9383976B1,0,0.246
2980,US6608313B2,0,0.297
2981,US9898460B2,1,0.833
2982,US9703875B2,0,0.305
2983,US6343810B1,0,0.428
2984,US10108465B1,0,0.259
2985,US9370142B2,0,0.075
2986,US10130350B2,0,0.022
2987,US9380188B1,0,0.387
2988,US9278737B2,0,0.101
2989,US7279828B2,0,0.087
2990,US8958825B2,1,0.389
2991,US9200948B2,0,0.132
2992,US9306971B2,1,0.843
2993,US9212974B2,0,0.102
2994,US9987747B2,0,0.232
2995,US10002752B2,0,0.314
2996,US8285472B2,1,0.59
2997,US9490976B2,1,0.6
2998,US9904659B1,1,0.832
2999,US9962989B2,0,0.022
3000,US6078331A,0,0.249
3001,US5834900A,0,0.076
3002,US9615889B2,0,0.132
3003,US9851549B2,0,0.505
3004,US8638904B2,0,0.104
3005,US9384519B1,1,0.734
3006,US10056983B2,0,0.14
3007,US9764515B2,0,0.121
3008,US10089556B1,1,0.82
3009,US10082093B2,0,0.229
3010,US9910984B2,1,0.863
3011,US9369867B2,0,0.46
3012,US9704432B2,0,0.233
3013,US9233672B2,0,0.234
3014,US7366126B2,0,0.262
3015,US7050915B2,0,0.196
3016,US6098021A,0,0.168
3017,US9904516B2,0,0.357
3018,US7020556B2,1,0.547
3019,US9981381B1,0,0.138
3020,US8994873B2,1,0.761
3021,US9280354B1,0,0.256
3022,US7908082B2,0,0.404
3023,US8992435B2,1,0.772
3024,US9800509B2,0,0.235
3025,US9134968B2,0,0.257
3026,US10032351B2,1,0.817
3027,US7843931B1,0,0.324
3028,US9971966B2,1,0.9
3029,US8547454B2,0,0.409
3030,US8222832B2,0,0.203
3031,US8384782B2,0,0.384
3032,US9037396B2,1,0.428
3033,US9001124B2,0,0.493
3034,US9482574B2,0,0.369
3035,US8982217B1,0,0.182
3036,US9743490B1,0,0.114
3037,US9191201B1,0,0.231
3038,US10057492B2,0,0.13
3039,US7171189B2,0,0.282
3040,US9552548B1,1,0.752
3041,US5237690A,0,0.23
3042,US9908237B2,0,0.149
3043,US8285650B2,0,0.109
3044,US9933535B2,1,0.627
3045,US7522486B2,0,0.212
3046,US10030966B2,0,0.287
3047,US8974032B2,1,0.677
3048,US9905008B2,1,0.831
3049,US9818333B2,0,0.332
3050,US8010280B2,1,0.588
3051,US9532185B2,0,0.407
3052,US9626695B2,1,0.366
3053,US8878658B2,0,0.35
3054,US10032114B2,1,0.874
3055,US9830826B2,1,0.579
3056,US8781520B2,0,0.269
3057,US10101472B1,0,0.199
3058,US9520089B2,0,0.397
3059,US8130271B2,0,0.526
3060,US9811921B2,1,0.738
3061,US9491632B2,0,0.343
3062,US9256938B2,1,0.517
3063,US9998733B2,0,0.349
3064,US9424065B2,0,0.261
3065,US10137575B2,1,0.544
3066,US9854138B2,1,0.677
3067,US7215467B2,0,0.244
3068,US6429968B1,0,0.282
3069,US5347331A,0,0.359
3070,US9172608B2,0,0.311
3071,US9403273B2,1,0.654
3072,US9446434B2,1,0.842
3073,US9183105B2,1,0.609
3074,US8605994B2,1,0.568
3075,US10091775B2,0,0.426
3076,US10062144B2,0,0.484
3077,US9687275B1,0,0.076
3078,US9733080B2,0,0.275
3079,US10106191B2,0,0.23
3080,US9472075B1,0,0.301
3081,US9025192B1,0,0.353
3082,US7369762B2,0,0.213
3083,US9122269B2,0,0.376
3084,US9282317B2,1,0.665
3085,US8955383B2,1,0.636
3086,US7836356B2,1,0.527
3087,US6816195B2,0,0.301
3088,US8108134B2,1,0.675
3089,US8005036B2,0,0.159
3090,US8488033B2,0,0.122
3091,US9813647B2,1,0.878
3092,US9723563B1,1,0.687
3093,US10014009B1,0,0.313
3094,US10108800B1,0,0.183
3095,US9882817B2,0,0.13
3096,US9036602B2,0,0.33
3097,US10088992B2,1,0.735
3098,US9554348B2,0,0.367
3099,US10046770B1,1,0.539
3100,US8654923B2,0,0.149
3101,US9672473B2,1,0.656
3102,US9798949B1,1,0.806
3103,US9532732B2,1,0.881
3104,US9317910B2,0,0.273
3105,US6212337A,0,0.445
3106,US8963930B2,0,0.33
3107,US9495633B2,1,0.775
3108,US9956042B2,0,0.098
3109,US9569300B2,1,0.538
3110,US9938092B2,0,0.095
3111,US9889562B1,0,0.121
3112,US9036045B2,1,0.854
3113,US6374048B1,0,0.092
3114,US9800693B2,0,0.233
3115,US8842972B2,1,0.846
3116,US10007827B2,0,0.161
3117,US9555811B2,1,0.536
3118,US9104982B2,1,0.806
3119,US9058746B2,1,0.709
3120,US10110872B2,0,0.538
3121,US8515728B2,1,0.59
3122,US8970685B2,0,0.378
3123,US8978157B2,0,0.381
3124,US9167156B2,0,0.299
3125,US7904106B2,0,0.293
3126,US8867479B2,0,0.091
3127,US8219306B2,1,0.647
3128,US9579797B2,0,0.295
3129,US9802317B1,1,0.464
3130,US8643728B2,0,0.353
3131,US9280147B2,1,0.355
3132,US7224394B2,0,0.076
3133,US9280820B2,1,0.662
3134,US9026373B2,1,0.875
3135,US9808677B2,0,0.158
3136,US9588580B2,1,0.735
3137,US8860790B2,0,0.401
3138,US9327396B2,0,0.073
3139,US9282210B2,1,0.834
3140,US9845620B2,0,0.184
3141,US10090131B2,0,0.1
3142,US8494141B2,0,0.247
3143,US9439011B2,0,0.329
3144,US8180176B2,1,0.853
3145,US8078152B2,1,0.714
3146,US10071856B2,1,0.687
3147,US10049327B2,1,0.763
3148,US9801589B2,1,0.778
3149,US9779698B2,1,0.727
3150,US9407813B2,1,0.701
3151,US8983122B2,1,0.939
3152,US9370862B2,1,0.314
3153,US9223386B2,1,0.594
3154,US9639776B2,1,0.579
3155,US6791565B2,1,0.699
3156,US9753949B1,1,0.832
3157,US7567703B2,1,0.704
3158,US9339934B2,0,0.136
3159,US9548993B2,1,0.556
3160,US9014414B2,1,0.76
3161,US9940509B2,1,0.821
3162,US9076223B1,1,0.623
3163,US9836287B2,1,0.608
3164,US9006607B2,0,0.209
3165,US9201424B1,1,0.69
3166,US9767094B1,1,0.794
3167,US9367745B2,1,0.815
3168,US9661290B2,1,0.821
3169,US9969082B1,0,0.392
3170,US10127679B2,1,0.625
3171,US9846923B1,1,0.655
3172,US9922432B1,1,0.843
3173,US6307554A,1,0.609
3174,US9721335B2,1,0.565
3175,US9323929B2,0,0.328
3176,US9554114B2,1,0.542
3177,US7701491B2,0,0.424
3178,US9979911B2,1,0.892
3179,US9311210B1,1,0.405
3180,US9191649B2,0,0.492
3181,US9755902B2,0,0.358
3182,US9350962B2,1,0.775
3183,US9207668B2,1,0.5
3184,US6389172B1,1,0.657
3185,US9300893B2,1,0.71
3186,US9787873B2,1,0.654
3187,US9338326B2,1,0.7
3188,US7747163B2,0,0.122
3189,US10097736B2,1,0.865
3190,US10016676B2,0,0.572
3191,US9691140B2,1,0.577
3192,US8610791B2,1,0.247
3193,US9740463B2,1,0.203
3194,US9262190B2,1,0.368
3195,US8983743B2,1,0.368
3196,US9406330B1,0,0.467
3197,US8910160B1,1,0.158
3198,US9592538B2,1,0.009
3199,US10021081B2,1,0.36
3200,US9018239B2,0,0.037
3201,US9976634B2,0,0.004
3202,US9718243B2,0,0.003
3203,US9392445B2,0,0.022
3204,US9090200B2,0,0.003
3205,US9080016B2,0,0.0
3206,US9791320B2,0,0.039
3207,US5293181A,0,0.112
3208,US8284566B2,0,0.052
3209,US9977411B2,1,0.739
3210,US9214704B2,0,0.024
3211,US10092923B2,0,0.038
3212,US9456488B2,0,0.006
3213,US9913041B2,0,0.248
3214,US7005335B2,0,0.06
3215,US9285063B2,0,0.004
3216,US9723883B1,0,0.003
3217,US9070486B2,0,0.008
3218,US7241361B2,0,0.005
3219,US9186524B2,0,0.021
3220,US4529771A,0,0.007
3221,US9640899B2,0,0.002
3222,US9518026B2,0,0.024
3223,US7931952B2,0,0.012
3224,US5435688A,0,0.008
3225,US9036916B2,1,0.81
3226,US9475746B2,0,0.111
3227,US9778294B2,0,0.003
3228,US9659236B2,1,0.91
3229,US9305748B2,0,0.344
3230,US6536310B2,0,0.015
3231,US9991574B2,0,0.009
3232,US9259078B1,0,0.015
3233,US9966614B2,0,0.003
3234,US9815358B1,0,0.017
3235,US6032049A,0,0.266
3236,US9397206B2,0,0.072
3237,US4786534A,0,0.055
3238,US9994679B2,0,0.028
3239,US6027800A,0,0.001
3240,US9132281B2,0,0.082
3241,US10030161B2,0,0.002
3242,US5941102A,0,0.005
3243,US9397209B2,0,0.079
3244,US6361755B1,0,0.026
3245,US9490229B2,0,0.055
3246,US9828842B2,0,0.027
3247,US9347086B2,0,0.025
3248,US9360001B2,0,0.015
3249,US10039696B2,0,0.047
3250,US9888530B2,0,0.001
3251,US6843517B2,0,0.002
3252,US4545606A,0,0.001
3253,US6874698B1,0,0.087
3254,US4867770A,0,0.01
3255,US9090850B1,0,0.019
3256,US7331788B2,0,0.02
3257,US9563045B2,0,0.018
3258,US5984618A,0,0.023
3259,US9914812B2,0,0.077
3260,US9968356B2,0,0.035
3261,US9237807B1,0,0.002
3262,US9757641B2,0,0.189
3263,US10137568B2,0,0.012
3264,US7384285B2,0,0.003
3265,US10023765B2,0,0.079
3266,US9658130B2,0,0.331
3267,US4621864A,0,0.036
3268,US6815234B2,0,0.008
3269,US9227938B2,0,0.003
3270,US9168499B1,0,0.022
3271,US9342178B2,0,0.027
3272,US9506292B2,0,0.006
3273,US9630757B1,0,0.002
3274,US6681881B2,0,0.067
3275,US4917964A,0,0.018
3276,US9677758B2,0,0.009
3277,US9396976B2,0,0.011
3278,US8837044B2,0,0.003
3279,US5032674A,0,0.019
3280,US9884087B1,1,0.864
3281,US5056343A,0,0.003
3282,US8485381B2,0,0.001
3283,US5597336A,0,0.037
3284,US8985395B2,0,0.007
3285,US9822680B2,0,0.011
3286,US5956359A,0,0.006
3287,US5937790A,0,0.002
3288,US9689278B2,0,0.015
3289,US9095984B2,0,0.03
3290,US8011924B2,0,0.02
3291,US7790540B2,0,0.005
3292,US6545233B2,0,0.006
3293,US9636393B2,0,0.018
3294,US9415379B2,0,0.015
3295,US10039508B2,0,0.035
3296,US7743870B2,0,0.02
3297,US5444186A,0,0.003
3298,US4907914A,0,0.031
3299,US7075135B2,0,0.0
3300,US10087042B2,0,0.02
3301,US8403587B2,0,0.035
3302,US10004136B2,0,0.071
3303,US7438861B2,0,0.002
3304,US9340967B2,0,0.046
3305,US5112155A,0,0.0
3306,US9162590B2,0,0.022
3307,US10023926B2,0,0.064
3308,US9210425B2,0,0.344
3309,US9862223B2,0,0.117
3310,US9962219B2,0,0.011
3311,US9611692B1,0,0.064
3312,US9214635B2,0,0.015
3313,US4832710A,0,0.036
3314,US9668407B2,0,0.021
3315,US9340276B2,0,0.002
3316,US5142919A,0,0.016
3317,US9523238B2,0,0.01
3318,US7503105B2,0,0.007
3319,US9772727B2,0,0.013
3320,US9840314B2,0,0.005
3321,US9198991B2,0,0.012
3322,US9319798B2,0,0.027
3323,US9155808B2,0,0.003
3324,US9427010B2,0,0.005
3325,US9902421B2,0,0.007
3326,US9719320B2,0,0.004
3327,US9228479B2,0,0.015
3328,US4885660A,0,0.004
3329,US9788848B2,0,0.003
3330,US9758747B2,0,0.01
3331,US9958185B2,0,0.001
3332,US9945398B2,0,0.037
3333,US9394033B2,0,0.007
3334,US9550153B2,0,0.012
3335,US6243968A,0,0.025
3336,US9433703B2,0,0.637
3337,US9120978B2,0,0.001
3338,US5415034A,0,0.006
3339,US7854462B2,0,0.001
3340,US9039438B2,0,0.017
3341,US10039523B2,0,0.015
3342,US9739917B2,0,0.004
3343,US9026322B2,0,0.034
3344,US9188502B2,0,0.114
3345,US9928698B2,0,0.061
3346,US7311430B2,0,0.077
3347,US9339412B2,0,0.009
3348,US8985016B2,0,0.108
3349,US9627934B2,0,0.005
3350,US8945139B2,0,0.009
3351,US5990526A,0,0.006
3352,US9406440B2,0,0.037
3353,US7344247B2,0,0.32
3354,US5388694A,0,0.043
3355,US8025972B2,0,0.025
3356,US9397464B2,0,0.092
3357,US8903232B1,0,0.115
3358,US4701075A,0,0.037
3359,US6610949B2,0,0.005
3360,US9169699B2,0,0.085
3361,US8574629B2,0,0.195
3362,US8028939B2,0,0.096
3363,US10092781B2,0,0.1
3364,US10135323B2,0,0.065
3365,US10141925B1,0,0.069
3366,US9695262B2,0,0.03
3367,US9449809B2,0,0.037
3368,US9955093B2,0,0.077
3369,US8217003B2,0,0.011
3370,US9616368B2,0,0.024
3371,US9899297B1,0,0.008
3372,US9271720B2,0,0.014
3373,US10048691B2,1,0.402
3374,US7445942B2,0,0.17
3375,US9891993B2,0,0.147
3376,US9252047B2,0,0.089
3377,US9587058B2,0,0.065
3378,US9683624B2,0,0.004
3379,US9235946B2,0,0.223
3380,US6751302B1,0,0.099
3381,US9452019B2,0,0.034
3382,US9249290B2,0,0.046
3383,US9462781B2,0,0.038
3384,US5184446A,0,0.027
3385,US4957219A,0,0.068
3386,US8935452B2,0,0.082
3387,US9079539B2,0,0.01
3388,US4771543A,0,0.057
3389,US5139073A,0,0.018
3390,US5872310A,0,0.039
3391,US7854421B2,0,0.036
3392,US5921701A,0,0.15
3393,US5731993A,0,0.143
3394,US9687404B2,0,0.051
3395,US9513151B2,1,0.543
3396,US9336770B2,1,0.875
3397,US9743933B2,0,0.005
3398,US7871967B2,0,0.05
3399,US10043846B2,0,0.061
3400,US9534086B2,0,0.043
3401,US9061612B2,0,0.016
3402,US9085856B2,0,0.005
3403,US9463142B2,0,0.021
3404,US9709999B2,0,0.016
3405,US9273485B2,0,0.003
3406,US9322344B2,0,0.036
3407,US9155937B2,0,0.014
3408,US9099341B2,0,0.024
3409,US9109238B2,0,0.065
3410,US9024055B2,0,0.061
3411,US9231324B2,0,0.002
3412,US9729031B2,0,0.019
3413,US10037220B2,0,0.233
3414,US9884952B2,0,0.045
3415,US9682333B2,0,0.097
3416,US9724807B2,0,0.009
3417,US4926203A,0,0.203
3418,US9114509B2,0,0.024
3419,US9273547B2,0,0.109
3420,US9932268B2,0,0.048
3421,US6381321B1,0,0.054
3422,US9690650B2,0,0.136
3423,US7276556B2,0,0.002
3424,US9242843B2,0,0.098
3425,US9102762B2,0,0.008
3426,US9940295B2,0,0.184
3427,US10069030B2,0,0.116
3428,US8997315B2,0,0.006
3429,US9274423B2,0,0.177
3430,US9989191B2,0,0.042
3431,US9779354B2,1,0.834
3432,US9109748B2,0,0.122
3433,US10074159B2,0,0.089
3434,US5884331A,0,0.021
3435,US8304482B2,0,0.04
3436,US4791429A,0,0.185
3437,US9219015B2,0,0.011
3438,US9507285B2,0,0.02
3439,US6728525B1,0,0.061
3440,US7879201B2,0,0.186
3441,US9733120B2,0,0.061
3442,US9255354B2,0,0.06
3443,US8520096B2,1,0.646
3444,US9102065B2,0,0.005
3445,US9733911B2,0,0.295
3446,US9664084B2,0,0.023
3447,US8969548B2,0,0.226
3448,US4946592A,0,0.011
3449,US9101097B2,0,0.142
3450,US6950185B1,0,0.109
3451,US7301501B2,0,0.187
3452,US8014936B2,1,0.865
3453,US8009507B2,0,0.098
3454,US8571474B2,0,0.16
3455,US9039345B2,0,0.089
3456,US9329908B2,1,0.536
3457,US10068233B2,1,0.865
3458,US4572107A,0,0.018
3459,US9061419B2,0,0.137
3460,US9846378B2,0,0.093
3461,US9249065B2,0,0.049
3462,US4733263A,0,0.068
3463,US10004562B2,0,0.022
3464,US7783415B2,1,0.633
3465,US5436679A,0,0.07
3466,US4904180A,0,0.016
3467,US9254824B2,1,0.698
3468,US10114107B2,0,0.031
3469,US7976077B2,0,0.037
3470,US9041650B2,0,0.379
3471,US9210173B2,0,0.029
3472,US8967439B2,0,0.023
3473,US10034721B1,0,0.017
3474,US4622980A,0,0.2
3475,US7986876B2,0,0.364
3476,US6779920B2,0,0.019
3477,US5470937A,0,0.015
3478,US9656384B1,0,0.042
3479,US9409178B2,0,0.043
3480,US9859614B2,0,0.01
3481,US9388400B2,0,0.035
3482,US9875228B1,0,0.196
3483,US7519191B2,0,0.1
3484,US5349606A,0,0.179
3485,US9323840B2,0,0.482
3486,US9444734B2,0,0.175
3487,US9815377B2,0,0.024
3488,US8971821B2,0,0.038
3489,US10132717B2,0,0.08
3490,US8686328B2,0,0.009
3491,US8211390B2,0,0.034
3492,US6986591B2,0,0.152
3493,US8936290B1,0,0.055
3494,US9324868B2,0,0.023
3495,US7831380B2,1,0.916
3496,US9939411B2,0,0.025
3497,US9831150B2,0,0.038
3498,US9488877B2,0,0.051
3499,US7854828B2,0,0.078
3500,US9872759B2,0,0.154
3501,US9789407B1,0,0.074
3502,US9088408B2,0,0.218
3503,US9108612B2,0,0.04
3504,US6733060B1,0,0.015
3505,US8978583B2,0,0.038
3506,US9068908B2,0,0.108
3507,US9644301B2,0,0.008
3508,US4604629A,0,0.027
3509,US10133744B2,0,0.129
3510,US5900814A,0,0.237
3511,US9147128B1,1,0.902
3512,US9559913B2,0,0.178
3513,US9384943B2,0,0.03
3514,US9846603B2,0,0.372
3515,US9420608B2,0,0.158
3516,US9346210B2,0,0.089
3517,US9410906B2,0,0.038
3518,US5367351A,0,0.031
3519,US9633246B2,1,0.707
3520,US6576580B2,0,0.025
3521,US9433189B2,0,0.176
3522,US6783528B2,0,0.011
3523,US10005957B2,0,0.103
3524,US10015138B2,1,0.582
3525,US4860039A,0,0.261
3526,US9562416B2,0,0.005
3527,US9976416B2,0,0.233
3528,US9861329B2,0,0.282
3529,US9740129B2,0,0.148
3530,US9142151B2,0,0.158
3531,US9480047B2,0,0.3
3532,US10123571B2,0,0.024
3533,US9519573B2,0,0.188
3534,US9547602B2,0,0.161
3535,US9934352B2,0,0.218
3536,US10053399B2,0,0.008
3537,US5663798A,0,0.124
3538,US9920613B2,0,0.084
3539,US8649904B2,0,0.251
3540,US8914618B2,0,0.124
3541,US9587449B2,0,0.035
3542,US8169623B2,0,0.059
3543,US7001708B1,0,0.239
3544,US7688963B1,0,0.122
3545,US8891467B2,0,0.382
3546,US9451983B2,0,0.048
3547,US9271779B2,0,0.017
3548,US9126701B2,0,0.09
3549,US6628643B1,0,0.274
3550,US9557585B1,0,0.107
3551,US6736702B2,0,0.056
3552,US9627532B2,1,0.903
3553,US5313200A,0,0.468
3554,US7606354B2,0,0.054
3555,US8987033B2,0,0.063
3556,US9075941B2,1,0.621
3557,US9300692B2,0,0.167
3558,US9344337B2,0,0.45
3559,US6894291B2,0,0.126
3560,US9301415B2,0,0.039
3561,US7908076B2,1,0.878
3562,US4885757A,1,0.717
3563,US9013220B2,0,0.066
3564,US8972067B2,0,0.362
3565,US8945478B2,0,0.031
3566,US9994426B1,0,0.024
3567,US9894290B2,0,0.085
3568,US9215968B2,0,0.043
3569,US9138857B2,0,0.06
3570,US9289898B2,0,0.009
3571,US9701012B1,0,0.136
3572,US10087646B2,0,0.03
3573,US9223153B2,0,0.127
3574,US7182105B1,0,0.043
3575,US9812291B2,0,0.065
3576,US9990587B2,1,0.786
3577,US10111667B2,0,0.017
3578,US9396387B2,1,0.796
3579,US7615746B2,1,0.504
3580,US8928988B1,0,0.266
3581,US10015242B2,0,0.196
3582,US10117893B2,0,0.071
3583,US5185164A,0,0.075
3584,US6684130B2,0,0.059
3585,US8842712B2,0,0.194
3586,US9996591B2,0,0.256
3587,US9551808B2,0,0.133
3588,US8686646B2,0,0.153
3589,US9798327B2,1,0.403
3590,US9014199B2,0,0.151
3591,US9605617B2,0,0.151
3592,US9646295B1,0,0.278
3593,US9948802B2,0,0.162
3594,US9614463B2,0,0.102
3595,US8948272B2,0,0.122
3596,US6188757A,0,0.481
3597,US6910195B2,0,0.144
3598,US9308653B2,0,0.125
3599,US5199066A,0,0.276
3600,US10048908B2,0,0.345
3601,US8107596B1,0,0.293
3602,US9791638B2,1,0.869
3603,US9725250B2,0,0.177
3604,US9547565B2,0,0.126
3605,US9206537B2,0,0.022
3606,US9743743B2,0,0.026
3607,US9465386B2,0,0.088
3608,US10114543B2,0,0.162
3609,US7460064B1,0,0.166
3610,US7437171B1,0,0.095
3611,US8284717B2,0,0.055
3612,US9223312B2,0,0.191
3613,US9975256B1,0,0.02
3614,US8812856B2,0,0.144
3615,US5706051A,0,0.064
3616,US7353108B2,1,0.771
3617,US8943007B2,1,0.749
3618,US9947170B2,0,0.123
3619,US9410179B2,0,0.083
3620,US9057424B2,0,0.068
3621,US9055212B2,1,0.762
3622,US6654553B2,0,0.423
3623,US10032462B2,1,0.389
3624,US5231944A,0,0.097
3625,US9269006B2,0,0.605
3626,US9880545B2,1,0.411
3627,US10133987B2,1,0.796
3628,US9686540B2,1,0.656
3629,US8508386B2,0,0.447
3630,US9547075B2,0,0.044
3631,US8498782B2,0,0.358
3632,US5157238A,0,0.126
3633,US6684125B2,0,0.333
3634,US5106615A,0,0.135
3635,US8699663B2,0,0.048
3636,US10033274B2,0,0.073
3637,US6071037A,0,0.038
3638,US9605600B2,0,0.114
3639,US9179159B2,0,0.327
3640,US9843669B1,0,0.238
3641,US9798751B2,1,0.741
3642,US9664741B2,0,0.213
3643,US9317260B2,0,0.321
3644,US9734448B2,1,0.348
3645,US9900506B2,0,0.246
3646,US6847815B1,0,0.124
3647,US9690609B2,0,0.287
3648,US7541838B2,0,0.021
3649,US9336397B2,1,0.668
3650,US9628419B2,1,0.765
3651,US8943460B2,0,0.178
3652,US9971958B2,1,0.772
3653,US9766627B2,0,0.077
3654,US9808820B2,0,0.151
3655,US9587313B2,0,0.289
3656,US9047109B1,0,0.244
3657,US9798720B2,1,0.622
3658,US8246649B2,0,0.186
3659,US9360328B2,1,0.647
3660,US6917692B1,1,0.472
3661,US9475199B2,0,0.048
3662,US8978421B2,0,0.088
3663,US9648843B2,0,0.105
3664,US10121349B2,1,0.461
3665,US9407549B2,0,0.194
3666,US9258487B2,0,0.376
3667,US8626431B2,0,0.184
3668,US8990132B2,1,0.844
3669,US10044630B2,0,0.251
3670,US9058517B1,1,0.767
3671,US9604622B2,0,0.258
3672,US6978274B1,0,0.386
3673,US8926418B2,0,0.053
3674,US5388046A,0,0.164
3675,US7991723B1,1,0.704
3676,US9480390B2,0,0.026
3677,US6970543B2,0,0.304
3678,US8953933B2,0,0.204
3679,US8941717B2,0,0.249
3680,US4587819A,0,0.079
3681,US7486602B2,0,0.097
3682,US9449283B1,1,0.905
3683,US7340422B2,0,0.111
3684,US9592605B2,0,0.19
3685,US4967228A,0,0.345
3686,US8996244B2,0,0.034
3687,US8760180B1,0,0.18
3688,US9830376B2,1,0.544
3689,US9584566B2,0,0.383
3690,US9289623B2,0,0.228
3691,US9182787B2,0,0.043
3692,US7477406B2,0,0.471
3693,US9363289B2,0,0.436
3694,US9536612B1,0,0.377
3695,US9964398B2,0,0.029
3696,US9414725B2,0,0.024
3697,US9308593B2,0,0.06
3698,US5184561A,0,0.041
3699,US7706623B2,0,0.435
3700,US6850629B2,1,0.68
3701,US8705318B2,1,0.704
3702,US8315667B2,0,0.205
3703,US9214062B2,0,0.128
3704,US9489706B2,1,0.541
3705,US10089353B2,0,0.558
3706,US8291025B2,0,0.292
3707,US9344926B2,0,0.164
3708,US6768813B1,1,0.944
3709,US10076845B2,0,0.351
3710,US8626288B2,0,0.274
3711,US5678089A,0,0.126
3712,US9922144B2,1,0.457
3713,US9582509B2,0,0.335
3714,US9559808B2,0,0.115
3715,US9285767B2,0,0.177
3716,US9003176B1,0,0.364
3717,US9711131B2,0,0.184
3718,US9674048B2,0,0.324
3719,US9104845B2,1,0.667
3720,US9374519B2,1,0.882
3721,US10105617B2,1,0.894
3722,US4771521A,0,0.032
3723,US9301518B1,0,0.055
3724,US9890723B2,0,0.203
3725,US9352463B2,0,0.025
3726,US9638108B2,0,0.002
3727,US10089580B2,1,0.784
3728,US9941900B1,1,0.757
3729,US7952607B2,1,0.56
3730,US10097342B2,0,0.423
3731,US8936626B1,0,0.027
3732,US5224099A,0,0.21
3733,US9625611B2,1,0.739
3734,US9346167B2,1,0.689
3735,US9571826B1,0,0.123
3736,US9866443B1,0,0.464
3737,US10019538B2,0,0.279
3738,US8907954B2,0,0.19
3739,US9014857B2,1,0.503
3740,US9940729B1,1,0.848
3741,US7791810B2,0,0.274
3742,US9702820B2,0,0.212
3743,US10019990B2,1,0.81
3744,US9123582B2,0,0.31
3745,US7756411B2,0,0.104
3746,US9710755B2,1,0.872
3747,US9607217B2,1,0.716
3748,US8755037B2,0,0.102
3749,US7343213B1,1,0.565
3750,US9159218B2,1,0.78
3751,US8281321B2,0,0.257
3752,US7384107B2,0,0.114
3753,US4947198A,0,0.095
3754,US7598752B2,0,0.114
3755,US5042060A,0,0.225
3756,US9088844B2,1,0.434
3757,US6167124A,0,0.225
3758,US7894979B2,1,0.501
3759,US8533715B2,0,0.303
3760,US5710951A,0,0.293
3761,US7487074B2,1,0.527
3762,US7460781B2,0,0.33
3763,US9964661B2,0,0.131
3764,US9654217B2,0,0.123
3765,US6324346A,0,0.313
3766,US9516235B2,0,0.411
3767,US8548160B2,0,0.35
3768,US9854544B2,0,0.198
3769,US9853924B2,0,0.252
3770,US6213237A,0,0.127
3771,US10118004B2,0,0.053
3772,US9385983B1,0,0.193
3773,US9379420B2,0,0.169
3774,US4785179A,0,0.06
3775,US5889477A,1,0.645
3776,US9652897B2,0,0.573
3777,US6578760B1,0,0.14
3778,US9976284B2,0,0.279
3779,US9569266B2,1,0.729
3780,US9098891B2,1,0.886
3781,US6332115A,0,0.157
3782,US9560832B2,0,0.095
3783,US10124494B2,0,0.06
3784,US10068170B2,1,0.835
3785,US8997289B2,0,0.085
3786,US10064001B1,1,0.748
3787,US6434448B1,0,0.118
3788,US9304003B1,0,0.355
3789,US6915072B2,0,0.149
3790,US7099440B2,0,0.259
3791,US9244680B2,0,0.295
3792,US6535122B1,1,0.749
3793,US9702863B2,0,0.229
3794,US10052759B2,0,0.229
3795,US9874453B2,0,0.325
3796,US9651417B2,0,0.241
3797,US9003297B2,0,0.405
3798,US7707227B2,0,0.503
3799,US9050996B2,0,0.393
3800,US9038915B2,0,0.203
3801,US9575778B2,0,0.384
3802,US9811080B2,1,0.363
3803,US9989626B2,1,0.48
3804,US7747350B2,1,0.569
3805,US9720934B1,1,0.912
3806,US5155757A,0,0.091
3807,US9600725B2,1,0.876
3808,US9900790B1,1,0.768
3809,US9166925B2,0,0.186
3810,US9489765B2,1,0.893
3811,US9218565B2,1,0.821
3812,US9656395B2,0,0.144
3813,US9645841B2,0,0.153
3814,US9373224B2,0,0.249
3815,US9602277B2,0,0.128
3816,US8441542B2,1,0.635
3817,US9076408B2,0,0.241
3818,US9325783B2,1,0.82
3819,US8994850B2,0,0.302
3820,US9420624B2,0,0.089
3821,US8527094B2,1,0.327
3822,US10127597B2,1,0.74
3823,US9819687B2,0,0.261
3824,US9798835B2,1,0.503
3825,US9934587B2,1,0.853
3826,US8159375B2,0,0.253
3827,US9319189B2,0,0.161
3828,US9045042B2,0,0.159
3829,US10093367B2,0,0.039
3830,US8990708B2,0,0.219
3831,US8433031B2,0,0.439
3832,US9092314B2,0,0.277
3833,US8654177B2,0,0.177
3834,US9110453B2,1,0.757
3835,US8199234B2,0,0.212
3836,US9800293B2,0,0.116
3837,US9003644B2,0,0.064
3838,US4783686A,0,0.168
3839,US7706965B2,1,0.849
3840,US9681820B2,1,0.778
3841,US9083848B2,1,0.585
3842,US9429948B2,0,0.241
3843,US9235334B2,0,0.404
3844,US9020302B2,1,0.668
3845,US10068532B2,0,0.236
3846,US9569661B2,1,0.547
3847,US8995585B2,0,0.278
3848,US9425820B2,0,0.455
3849,US9177462B1,1,0.688
3850,US7689348B2,1,0.471
3851,US8554458B2,1,0.534
3852,US10014205B2,0,0.254
3853,US5483445A,1,0.485
3854,US8953419B2,0,0.216
3855,US7577896B2,0,0.269
3856,US10044783B2,0,0.252
3857,US9342916B2,1,0.879
3858,US9975240B2,0,0.033
3859,US9069064B2,1,0.518
3860,US6166719A,0,0.379
3861,US10063826B2,1,0.875
3862,US6785632B1,1,0.51
3863,US9387593B2,0,0.066
3864,US9737371B2,0,0.081
3865,US9930267B2,0,0.329
3866,US9805312B1,1,0.846
3867,US5319403A,0,0.41
3868,US4870545A,0,0.133
3869,US8955971B2,0,0.226
3870,US9291736B2,1,0.511
3871,US5414261A,0,0.096
3872,US7571053B2,1,0.626
3873,US4755942A,0,0.522
3874,US10024920B2,0,0.2
3875,US9704068B2,1,0.853
3876,US9272415B2,0,0.037
3877,US10019147B2,0,0.348
3878,US9877667B2,1,0.914
3879,US9926138B1,0,0.324
3880,US9270904B2,0,0.204
3881,US5381194A,0,0.05
3882,US6577889B2,0,0.365
3883,US9254090B2,0,0.246
3884,US9676098B2,1,0.794
3885,US10025560B2,0,0.24
3886,US9687984B2,1,0.74
3887,US9952566B2,1,0.849
3888,US9155592B2,1,0.657
3889,US8526716B2,1,0.641
3890,US6075466A,1,0.417
3891,US9153079B1,1,0.702
3892,US9120028B2,0,0.084
3893,US9717644B2,0,0.067
3894,US8978007B2,0,0.431
3895,US9220406B2,0,0.436
3896,US8996321B2,0,0.334
3897,US9733941B2,0,0.275
3898,US10127381B2,0,0.365
3899,US6594552B1,0,0.059
3900,US7447577B2,0,0.25
3901,US9864377B2,0,0.343
3902,US9632870B2,0,0.195
3903,US8788972B2,0,0.16
3904,US9572011B2,0,0.35
3905,US9451888B1,0,0.373
3906,US10102745B2,1,0.714
3907,US9066006B2,0,0.195
3908,US9992059B2,1,0.752
3909,US5485238A,0,0.219
3910,US9730647B2,1,0.61
3911,US10027894B2,0,0.194
3912,US9898689B2,1,0.888
3913,US9658823B2,0,0.435
3914,US9778458B2,0,0.198
3915,US9992138B1,0,0.398
3916,US8296297B2,1,0.597
3917,US9967089B2,0,0.392
3918,US9369728B2,1,0.625
3919,US8306742B2,1,0.49
3920,US10038750B2,0,0.285
3921,US9688145B2,1,0.483
3922,US9165215B2,1,0.571
3923,US9286694B2,1,0.75
3924,US9925666B2,0,0.102
3925,US9087304B2,1,0.835
3926,US8750216B2,0,0.361
3927,US4985726A,0,0.39
3928,US8725970B2,0,0.405
3929,US9193402B2,0,0.041
3930,US10032134B2,1,0.459
3931,US9142049B2,0,0.374
3932,US8406512B2,1,0.78
3933,US6947833B2,1,0.751
3934,US9832390B2,1,0.737
3935,US9940520B2,1,0.881
3936,US9604357B2,0,0.049
3937,US5619742A,0,0.357
3938,US7463826B2,0,0.49
3939,US9404380B2,0,0.336
3940,US9472001B2,1,0.678
3941,US10067990B1,1,0.696
3942,US8363121B2,0,0.47
3943,US9031317B2,1,0.865
3944,US9612255B2,0,0.191
3945,US5297568A,0,0.166
3946,US8760565B2,0,0.333
3947,US9886239B2,0,0.419
3948,US7145457B2,0,0.463
3949,US9589151B2,1,0.577
3950,US8987157B2,0,0.229
3951,US9116703B2,1,0.612
3952,US7454006B2,0,0.204
3953,US9239951B2,1,0.825
3954,US9256943B2,1,0.772
3955,US8937648B2,0,0.223
3956,US9916475B2,0,0.204
3957,US9268910B2,1,0.802
3958,US8990131B2,1,0.64
3959,US9943963B2,0,0.164
3960,US9094219B2,0,0.443
3961,US9072458B2,0,0.37
3962,US8923605B2,1,0.7
3963,US9851985B2,0,0.392
3964,US6434487B1,0,0.4
3965,US9741169B1,1,0.467
3966,US9910762B2,0,0.207
3967,US8971612B2,1,0.895
3968,US9087274B2,1,0.802
3969,US9824261B2,1,0.748
3970,US8957997B2,1,0.755
3971,US9235819B2,1,0.607
3972,US9663012B2,0,0.252
3973,US8509507B2,1,0.783
3974,US9356716B2,0,0.362
3975,US7668668B2,0,0.407
3976,US8983961B2,0,0.477
3977,US9965893B2,0,0.497
3978,US7289112B2,0,0.225
3979,US9972158B2,1,0.767
3980,US10140722B2,0,0.498
3981,US8659596B2,1,0.516
3982,US6807294B2,0,0.505
3983,US9686207B2,0,0.234
3984,US9384532B2,1,0.459
3985,US9003021B2,1,0.404
3986,US9948830B2,1,0.883
3987,US8548226B2,1,0.821
3988,US9337899B2,0,0.511
3989,US6155683A,0,0.185
3990,US9191573B2,1,0.795
3991,US9699386B2,1,0.889
3992,US9900239B2,0,0.475
3993,US8305434B2,0,0.364
3994,US9426174B2,0,0.493
3995,US9527211B2,1,0.124
3996,US9535776B2,1,0.359
3997,US9558579B2,0,0.66
3998,US6642532B2,1,0.269
3999,US8089523B2,0,0.876
