,id,Actual,BERT,RoBERTa,XLNet,ELECTRA,Big-Bird,ALBERT,DistilBERT,SciBERT,PatentSBERTa,BioBERT
0,US9018239B2,0,0,0,0,0,0,0,0,0,0,0
1,US9976634B2,0,0,0,0,0,0,0,0,0,0,0
2,US9718243B2,0,0,0,0,0,0,0,0,0,0,0
3,US9392445B2,0,0,0,0,0,0,0,0,0,0,0
4,US9090200B2,0,0,0,0,0,0,0,0,0,0,0
5,US9080016B2,0,0,0,0,0,0,0,0,0,0,0
6,US9791320B2,0,0,0,0,0,0,0,0,0,0,0
7,US5293181A,0,0,0,0,0,0,0,0,0,0,0
8,US8284566B2,0,0,0,0,0,0,0,0,0,0,0
9,US9977411B2,1,1,1,1,1,1,1,1,1,1,1
10,US9214704B2,0,0,0,0,0,0,0,0,0,0,0
11,US10092923B2,0,0,0,0,0,0,0,0,0,0,0
12,US9456488B2,0,0,0,0,0,0,0,0,0,0,0
13,US9913041B2,0,0,0,0,0,0,0,0,0,0,0
14,US7005335B2,0,0,0,0,0,0,0,0,0,0,0
15,US9285063B2,0,0,0,0,0,0,0,0,0,0,0
16,US9723883B1,0,0,0,0,0,0,0,0,0,0,0
17,US9070486B2,0,0,0,0,0,0,0,0,0,0,0
18,US7241361B2,0,0,0,0,0,0,0,0,0,0,0
19,US9186524B2,0,0,0,0,0,0,0,0,0,0,0
20,US4529771A,0,0,0,0,0,0,0,0,0,0,0
21,US9640899B2,0,0,0,0,0,0,0,0,0,0,0
22,US9518026B2,0,0,0,0,0,0,0,0,0,0,0
23,US7931952B2,0,0,0,0,0,0,0,0,0,0,0
24,US5435688A,0,0,0,0,0,0,0,0,0,0,0
25,US9036916B2,1,1,1,1,1,1,1,1,1,1,1
26,US9475746B2,0,0,0,0,0,0,0,0,0,0,0
27,US9778294B2,0,0,0,0,0,0,0,0,0,0,0
28,US9659236B2,1,1,1,1,1,1,1,1,1,1,1
29,US9305748B2,0,0,0,0,0,0,0,0,0,0,0
30,US6536310B2,0,0,0,0,0,0,0,0,0,0,0
31,US9991574B2,0,0,0,0,0,0,0,0,0,0,0
32,US9259078B1,0,0,0,0,0,0,0,0,0,0,0
33,US9966614B2,0,0,0,0,0,0,0,0,0,0,0
34,US9815358B1,0,0,0,0,0,0,0,0,0,0,0
35,US6032049A,0,0,0,0,0,0,0,0,0,0,0
36,US9397206B2,0,0,0,0,0,0,0,0,0,0,0
37,US4786534A,0,0,0,0,0,0,0,0,0,0,0
38,US9994679B2,0,0,0,0,0,0,0,0,0,0,0
39,US6027800A,0,0,0,0,0,0,0,0,0,0,0
40,US9132281B2,0,0,0,0,0,0,0,0,0,0,0
41,US10030161B2,0,0,0,0,0,0,0,0,0,0,0
42,US5941102A,0,0,0,0,0,0,0,0,0,0,0
43,US9397209B2,0,0,0,0,0,0,0,0,0,0,0
44,US6361755B1,0,0,0,0,0,0,0,0,0,0,0
45,US9490229B2,0,0,0,0,0,0,0,0,0,0,0
46,US9828842B2,0,0,0,0,0,0,0,0,0,0,0
47,US9347086B2,0,0,0,0,0,0,0,0,0,0,0
48,US9360001B2,0,0,0,0,0,0,0,0,0,0,0
49,US10039696B2,0,0,0,0,0,0,0,0,0,0,0
50,US9888530B2,0,0,0,0,0,0,0,0,0,0,0
51,US6843517B2,0,0,0,0,0,0,0,0,0,0,0
52,US4545606A,0,0,0,0,0,0,0,0,0,0,0
53,US6874698B1,0,0,0,0,0,0,0,0,0,0,0
54,US4867770A,0,0,0,0,0,0,0,0,0,0,0
55,US9090850B1,0,0,0,0,0,0,0,0,0,0,0
56,US7331788B2,0,0,0,0,0,0,0,0,0,0,0
57,US9563045B2,0,0,0,0,0,0,0,0,0,0,0
58,US5984618A,0,0,0,0,0,0,0,0,0,0,0
59,US9914812B2,0,0,0,0,0,0,0,0,0,0,0
60,US9968356B2,0,0,0,0,0,0,0,0,0,0,0
61,US9237807B1,0,0,0,0,0,0,0,0,0,0,0
62,US9757641B2,0,0,0,0,0,0,0,0,0,0,0
63,US10137568B2,0,0,0,0,0,0,0,0,0,0,0
64,US7384285B2,0,0,0,0,0,0,0,0,0,0,0
65,US10023765B2,0,0,0,0,0,0,0,0,0,0,0
66,US9658130B2,0,0,0,0,0,0,0,0,0,0,0
67,US4621864A,0,0,0,0,0,0,0,0,0,0,0
68,US6815234B2,0,0,0,0,0,0,0,0,0,0,0
69,US9227938B2,0,0,0,0,0,0,0,0,0,0,0
70,US9168499B1,0,0,0,0,0,0,0,0,0,0,0
71,US9342178B2,0,0,0,0,0,0,0,0,0,0,0
72,US9506292B2,0,0,0,0,0,0,0,0,0,0,0
73,US9630757B1,0,0,0,0,0,0,0,0,0,0,0
74,US6681881B2,0,0,0,0,0,0,0,0,0,0,0
75,US4917964A,0,0,0,0,0,0,0,0,0,0,0
76,US9677758B2,0,0,0,0,0,0,0,0,0,0,0
77,US9396976B2,0,0,0,0,0,0,0,0,0,0,0
78,US8837044B2,0,0,0,0,0,0,0,0,0,0,0
79,US5032674A,0,0,0,0,0,0,0,0,0,0,0
80,US9884087B1,1,1,1,0,0,1,0,1,0,1,1
81,US5056343A,0,0,0,0,0,0,0,0,0,0,0
82,US8485381B2,0,0,0,0,0,0,0,0,0,0,0
83,US5597336A,0,0,0,0,0,0,0,0,0,0,0
84,US8985395B2,0,0,0,0,0,0,0,0,0,0,0
85,US9822680B2,0,0,0,0,0,0,0,0,0,0,0
86,US5956359A,0,0,0,0,0,0,0,0,0,0,0
87,US5937790A,0,0,0,0,0,0,0,0,0,0,0
88,US9689278B2,0,0,0,0,0,0,0,0,0,0,0
89,US9095984B2,0,0,0,0,0,0,0,0,0,0,0
90,US8011924B2,0,0,0,0,0,0,0,0,0,0,0
91,US7790540B2,0,0,0,0,0,0,0,0,0,0,0
92,US6545233B2,0,0,0,0,0,0,0,0,0,0,0
93,US9636393B2,0,0,0,0,0,0,0,0,0,0,0
94,US9415379B2,0,0,0,0,0,0,0,0,0,0,0
95,US10039508B2,0,0,0,0,0,0,0,0,0,0,0
96,US7743870B2,0,0,0,0,0,0,0,0,0,0,0
97,US5444186A,0,0,0,0,0,0,0,0,0,0,0
98,US4907914A,0,0,0,0,0,0,0,0,0,0,0
99,US7075135B2,0,0,0,0,0,0,0,0,0,0,0
100,US10087042B2,0,0,0,0,0,0,0,0,0,0,0
101,US8403587B2,0,0,0,0,0,0,0,0,0,0,0
102,US10004136B2,0,0,0,0,0,0,0,0,0,0,0
103,US7438861B2,0,0,0,0,0,0,0,0,0,0,0
104,US9340967B2,0,0,0,0,0,0,0,0,0,0,0
105,US5112155A,0,0,0,0,0,0,0,0,0,0,0
106,US9162590B2,0,0,0,0,0,0,0,0,0,0,0
107,US10023926B2,0,0,0,0,0,0,0,0,0,0,0
108,US9210425B2,0,1,0,0,0,0,0,0,0,0,0
109,US9862223B2,0,0,0,0,0,0,0,0,0,0,0
110,US9962219B2,0,0,0,0,0,0,0,0,0,0,0
111,US9611692B1,0,0,0,0,0,0,0,0,0,0,0
112,US9214635B2,0,0,0,0,0,0,0,0,0,0,0
113,US4832710A,0,0,0,0,0,0,0,0,0,0,0
114,US9668407B2,0,0,0,0,0,0,0,0,0,0,0
115,US9340276B2,0,0,0,0,0,0,0,0,0,0,0
116,US5142919A,0,0,0,0,0,0,0,0,0,0,0
117,US9523238B2,0,0,0,0,0,0,0,0,0,0,0
118,US7503105B2,0,0,0,0,0,0,0,0,0,0,0
119,US9772727B2,0,0,0,0,0,0,0,0,0,0,0
120,US9840314B2,0,0,0,0,0,0,0,0,0,0,0
121,US9198991B2,0,0,0,0,0,0,0,0,0,0,0
122,US9319798B2,0,0,0,0,0,0,0,0,0,0,0
123,US9155808B2,0,0,0,0,0,0,0,0,0,0,0
124,US9427010B2,0,0,0,0,0,0,0,0,0,0,0
125,US9902421B2,0,0,0,0,0,0,0,0,0,0,0
126,US9719320B2,0,0,0,0,0,0,0,0,0,0,0
127,US9228479B2,0,0,0,0,0,0,0,0,0,0,0
128,US4885660A,0,0,0,0,0,0,0,0,0,0,0
129,US9788848B2,0,0,0,0,0,0,0,0,0,0,0
130,US9758747B2,0,0,0,0,0,0,0,0,0,0,0
131,US9958185B2,0,0,0,0,0,0,0,0,0,0,0
132,US9945398B2,0,0,0,0,0,0,0,0,0,0,0
133,US9394033B2,0,0,0,0,0,0,0,0,0,0,0
134,US9550153B2,0,0,0,0,0,0,0,0,0,0,0
135,US6243968A,0,0,0,0,0,0,0,0,0,0,0
136,US9433703B2,0,1,1,1,1,1,1,0,0,0,0
137,US9120978B2,0,0,0,0,0,0,0,0,0,0,0
138,US5415034A,0,0,0,0,0,0,0,0,0,0,0
139,US7854462B2,0,0,0,0,0,0,0,0,0,0,0
140,US9039438B2,0,0,0,0,0,0,0,0,0,0,0
141,US10039523B2,0,0,0,0,0,0,0,0,0,0,0
142,US9739917B2,0,0,0,0,0,0,0,0,0,0,0
143,US9026322B2,0,0,0,0,0,0,0,0,0,0,0
144,US9188502B2,0,0,0,0,0,0,0,0,0,0,0
145,US9928698B2,0,0,0,0,0,0,0,0,0,0,0
146,US7311430B2,0,0,0,0,0,0,0,0,0,0,0
147,US9339412B2,0,0,0,0,0,0,0,0,0,0,0
148,US8985016B2,0,0,0,0,0,0,0,0,0,0,0
149,US9627934B2,0,0,0,0,0,0,0,0,0,0,0
150,US8945139B2,0,0,0,0,0,0,0,0,0,0,0
151,US5990526A,0,0,0,0,0,0,0,0,0,0,0
152,US9406440B2,0,0,0,0,0,0,0,0,0,0,0
153,US7344247B2,0,0,0,0,0,0,0,0,0,0,0
154,US5388694A,0,0,0,0,0,0,0,0,0,0,0
155,US8025972B2,0,0,0,0,0,0,0,0,0,0,0
156,US9397464B2,0,0,0,0,0,0,0,0,0,0,0
157,US8903232B1,0,0,0,0,0,0,0,0,0,0,0
158,US4701075A,0,0,0,0,0,0,0,0,0,0,0
159,US6610949B2,0,0,0,0,0,0,0,0,0,0,0
160,US9169699B2,0,0,0,0,0,0,0,0,0,0,0
161,US8574629B2,0,0,0,0,0,0,0,0,0,0,0
162,US8028939B2,0,0,0,0,0,0,0,0,0,0,0
163,US10092781B2,0,0,0,0,0,0,0,0,0,0,0
164,US10135323B2,0,0,0,0,0,0,0,0,0,0,0
165,US10141925B1,0,0,0,0,0,0,0,0,0,0,0
166,US9695262B2,0,0,0,0,0,0,0,0,0,0,0
167,US9449809B2,0,0,0,0,0,0,0,0,0,0,0
168,US9955093B2,0,0,0,0,0,0,0,0,0,0,0
169,US8217003B2,0,0,0,0,0,0,0,0,0,0,0
170,US9616368B2,0,0,0,0,0,0,0,0,0,0,0
171,US9899297B1,0,0,0,0,0,0,0,0,0,0,0
172,US9271720B2,0,0,0,0,0,0,0,0,0,0,0
173,US10048691B2,1,1,1,1,1,1,1,1,1,1,1
174,US7445942B2,0,0,0,0,0,0,0,0,0,0,0
175,US9891993B2,0,0,0,0,0,0,0,0,0,0,0
176,US9252047B2,0,0,0,0,0,0,0,0,0,0,0
177,US9587058B2,0,0,0,0,0,0,0,0,0,0,0
178,US9683624B2,0,0,0,0,0,0,0,0,0,0,0
179,US9235946B2,0,0,0,0,0,0,0,0,0,0,0
180,US6751302B1,0,0,0,0,0,0,0,0,0,0,0
181,US9452019B2,0,0,0,0,0,0,0,0,0,0,0
182,US9249290B2,0,0,0,0,0,0,0,0,0,0,0
183,US9462781B2,0,0,0,0,0,0,0,0,0,0,0
184,US5184446A,0,0,0,0,0,0,0,0,0,0,0
185,US4957219A,0,0,0,0,0,0,0,0,0,0,0
186,US8935452B2,0,0,0,0,0,0,0,0,0,0,0
187,US9079539B2,0,0,0,0,0,0,0,0,0,0,0
188,US4771543A,0,0,0,0,0,0,0,0,0,0,0
189,US5139073A,0,0,0,0,0,0,0,0,0,0,0
190,US5872310A,0,0,0,0,0,0,0,0,0,0,0
191,US7854421B2,0,0,0,0,0,0,0,0,0,0,0
192,US5921701A,0,0,0,0,0,0,0,0,0,0,0
193,US5731993A,0,0,0,0,0,0,0,0,0,0,0
194,US9687404B2,0,0,0,0,0,0,0,0,0,0,0
195,US9513151B2,1,1,1,1,1,1,1,1,1,1,1
196,US9336770B2,1,1,1,1,1,1,1,1,1,1,1
197,US9743933B2,0,0,0,0,0,0,0,0,0,0,0
198,US7871967B2,0,0,0,0,0,0,0,0,0,0,0
199,US10043846B2,0,0,0,0,0,0,0,0,0,0,0
200,US9534086B2,0,0,0,0,0,0,0,0,0,0,0
201,US9061612B2,0,0,0,0,0,0,0,0,0,0,0
202,US9085856B2,0,0,0,0,0,0,0,0,0,0,0
203,US9463142B2,0,0,0,0,0,0,0,0,0,0,0
204,US9709999B2,0,0,0,0,0,0,0,0,0,0,0
205,US9273485B2,0,0,0,0,0,0,0,0,0,0,0
206,US9322344B2,0,0,0,0,0,0,0,0,0,0,0
207,US9155937B2,0,0,0,0,0,0,0,0,0,0,0
208,US9099341B2,0,0,0,0,0,0,0,0,0,0,0
209,US9109238B2,0,0,0,0,0,0,0,0,0,0,0
210,US9024055B2,0,0,0,0,0,0,0,0,0,0,0
211,US9231324B2,0,0,0,0,0,0,0,0,0,0,0
212,US9729031B2,0,0,0,0,0,0,0,0,0,0,0
213,US10037220B2,0,0,0,0,0,0,0,0,0,0,0
214,US9884952B2,0,0,0,0,0,0,0,0,0,0,0
215,US9682333B2,0,0,0,0,0,0,0,0,0,0,0
216,US9724807B2,0,0,0,0,0,0,0,0,0,0,0
217,US4926203A,0,0,0,0,0,0,0,0,0,0,0
218,US9114509B2,0,0,0,0,0,0,0,0,0,0,0
219,US9273547B2,0,0,0,0,0,0,0,0,0,0,0
220,US9932268B2,0,0,0,0,0,0,0,0,0,0,0
221,US6381321B1,0,0,0,0,0,0,0,0,0,0,0
222,US9690650B2,0,0,0,0,0,0,0,0,0,0,0
223,US7276556B2,0,0,0,0,0,0,0,0,0,0,0
224,US9242843B2,0,0,0,0,0,0,0,0,0,0,0
225,US9102762B2,0,0,0,0,0,0,0,0,0,0,0
226,US9940295B2,0,0,0,0,0,0,0,0,0,0,0
227,US10069030B2,0,0,0,0,0,0,0,0,0,0,0
228,US8997315B2,0,0,0,0,0,0,0,0,0,0,0
229,US9274423B2,0,0,0,0,0,0,0,0,0,0,0
230,US9989191B2,0,0,0,0,0,0,0,0,0,0,0
231,US9779354B2,1,1,1,1,1,1,1,1,1,1,1
232,US9109748B2,0,0,0,0,0,0,0,0,0,0,0
233,US10074159B2,0,0,0,0,0,0,0,0,0,0,0
234,US5884331A,0,0,0,0,0,0,0,0,0,0,0
235,US8304482B2,0,0,0,0,0,0,0,0,0,0,0
236,US4791429A,0,0,0,0,0,0,0,0,0,0,0
237,US9219015B2,0,0,0,0,0,0,0,0,0,0,0
238,US9507285B2,0,0,0,0,0,0,0,0,0,0,0
239,US6728525B1,0,0,0,0,0,0,0,0,0,0,0
240,US7879201B2,0,0,0,0,0,0,0,0,0,0,0
241,US9733120B2,0,0,0,0,0,0,0,0,0,0,0
242,US9255354B2,0,0,0,0,0,0,0,0,0,0,0
243,US8520096B2,1,1,1,1,1,1,1,1,1,1,1
244,US9102065B2,0,0,0,0,0,0,0,0,0,0,0
245,US9733911B2,0,0,0,0,0,0,0,0,0,0,0
246,US9664084B2,0,0,0,0,0,0,0,0,0,0,0
247,US8969548B2,0,0,0,0,0,0,0,0,0,0,0
248,US4946592A,0,0,0,0,0,0,0,0,0,0,0
249,US9101097B2,0,0,0,0,0,0,0,0,0,0,0
250,US6950185B1,0,0,0,0,0,0,0,0,0,0,0
251,US7301501B2,0,0,0,0,0,0,0,0,0,0,0
252,US8014936B2,1,1,1,1,1,1,1,1,1,1,1
253,US8009507B2,0,0,0,0,0,0,0,0,0,0,0
254,US8571474B2,0,0,0,0,0,0,0,0,0,0,0
255,US9039345B2,0,0,0,0,0,0,0,0,0,0,0
256,US9329908B2,1,1,1,1,1,1,0,1,1,1,1
257,US10068233B2,1,1,1,1,1,1,1,1,1,1,1
258,US4572107A,0,0,0,0,0,0,0,0,0,0,0
259,US9061419B2,0,0,0,0,0,1,0,0,0,0,0
260,US9846378B2,0,0,0,0,0,0,0,0,0,0,0
261,US9249065B2,0,0,0,0,0,0,0,0,0,0,0
262,US4733263A,0,0,0,0,0,0,0,0,0,0,0
263,US10004562B2,0,0,0,0,0,0,0,0,0,0,0
264,US7783415B2,1,1,1,1,1,1,1,1,1,1,1
265,US5436679A,0,0,0,0,0,0,0,0,0,0,0
266,US4904180A,0,0,0,0,0,0,0,0,0,0,0
267,US9254824B2,1,1,1,1,1,1,1,1,1,1,1
268,US10114107B2,0,0,0,0,0,0,0,0,0,0,0
269,US7976077B2,0,0,0,0,0,0,0,0,0,0,0
270,US9041650B2,0,0,1,1,0,1,1,1,0,0,0
271,US9210173B2,0,0,0,0,0,0,0,0,0,0,0
272,US8967439B2,0,0,0,0,0,0,0,0,0,0,0
273,US10034721B1,0,0,0,0,0,0,0,0,0,0,0
274,US4622980A,0,0,0,0,0,0,0,0,0,0,0
275,US7986876B2,0,0,0,0,0,0,0,0,0,0,0
276,US6779920B2,0,0,0,0,0,0,0,0,0,0,0
277,US5470937A,0,0,0,0,0,0,0,0,0,0,0
278,US9656384B1,0,0,0,0,0,0,0,0,0,0,0
279,US9409178B2,0,0,0,0,0,0,0,0,0,0,0
280,US9859614B2,0,0,0,0,0,0,0,0,0,0,0
281,US9388400B2,0,0,0,0,0,0,0,0,0,0,0
282,US9875228B1,0,0,0,0,0,0,0,0,0,0,0
283,US7519191B2,0,0,0,0,0,0,0,0,0,0,0
284,US5349606A,0,0,0,0,0,0,0,0,0,0,0
285,US9323840B2,0,1,1,1,1,1,1,0,1,0,1
286,US9444734B2,0,0,0,0,0,0,0,0,0,0,0
287,US9815377B2,0,0,0,0,0,0,0,0,0,0,0
288,US8971821B2,0,0,0,0,0,0,0,0,0,0,0
289,US10132717B2,0,0,0,0,0,0,0,0,0,0,0
290,US8686328B2,0,0,0,0,0,0,0,0,0,0,0
291,US8211390B2,0,0,0,0,0,0,0,0,0,0,0
292,US6986591B2,0,0,0,0,0,0,0,0,0,0,0
293,US8936290B1,0,0,0,0,0,0,0,0,0,0,0
294,US9324868B2,0,0,0,0,0,0,0,0,0,0,0
295,US7831380B2,1,1,1,1,1,1,1,1,1,1,1
296,US9939411B2,0,0,0,0,0,0,0,0,0,0,0
297,US9831150B2,0,0,0,0,0,0,0,0,0,0,0
298,US9488877B2,0,0,0,0,0,0,0,0,0,0,0
299,US7854828B2,0,0,0,0,0,0,0,0,0,0,0
300,US9872759B2,0,0,0,0,0,0,0,0,0,0,0
301,US9789407B1,0,0,0,0,0,0,0,0,0,0,0
302,US9088408B2,0,0,0,0,0,0,0,0,0,0,0
303,US9108612B2,0,0,0,0,0,0,0,0,0,0,0
304,US6733060B1,0,0,0,0,0,0,0,0,0,0,0
305,US8978583B2,0,0,0,0,0,0,0,0,0,0,0
306,US9068908B2,0,0,0,0,0,0,0,0,0,0,0
307,US9644301B2,0,0,0,0,0,0,0,0,0,0,0
308,US4604629A,0,0,0,0,0,0,0,0,0,0,0
309,US10133744B2,0,0,0,0,0,0,0,0,0,0,0
310,US5900814A,0,0,0,0,0,0,0,1,0,0,0
311,US9147128B1,1,1,1,1,1,1,1,1,1,1,1
312,US9559913B2,0,0,0,0,0,0,0,0,0,0,0
313,US9384943B2,0,0,0,0,0,0,0,0,0,0,0
314,US9846603B2,0,0,0,0,0,0,0,0,0,0,0
315,US9420608B2,0,0,0,0,0,0,0,0,0,0,0
316,US9346210B2,0,0,0,0,0,0,0,0,0,0,0
317,US9410906B2,0,0,0,0,0,0,0,0,0,0,0
318,US5367351A,0,0,0,0,0,0,0,0,0,0,0
319,US9633246B2,1,0,0,0,0,0,0,0,0,0,0
320,US6576580B2,0,0,0,0,0,0,0,0,0,0,0
321,US9433189B2,0,0,0,0,0,0,0,0,0,0,0
322,US6783528B2,0,0,0,0,0,0,0,0,0,0,0
323,US10005957B2,0,0,0,0,0,0,0,0,0,0,0
324,US10015138B2,1,1,1,1,1,1,1,1,1,1,1
325,US4860039A,0,0,0,0,0,0,0,0,0,0,0
326,US9562416B2,0,0,0,0,0,0,0,0,0,0,0
327,US9976416B2,0,0,0,0,0,0,0,0,0,0,0
328,US9861329B2,0,0,0,0,1,1,0,0,0,0,0
329,US9740129B2,0,0,0,0,0,0,0,0,0,0,0
330,US9142151B2,0,0,0,0,0,0,0,0,0,0,0
331,US9480047B2,0,0,0,0,0,0,0,0,0,0,0
332,US10123571B2,0,0,0,0,0,0,0,0,0,0,0
333,US9519573B2,0,0,0,0,0,0,0,0,0,0,0
334,US9547602B2,0,0,0,0,0,0,0,0,0,0,0
335,US9934352B2,0,0,0,0,0,0,0,0,0,0,0
336,US10053399B2,0,0,0,0,0,0,0,0,0,0,0
337,US5663798A,0,0,0,0,0,0,0,0,0,0,0
338,US9920613B2,0,0,0,0,0,0,0,0,0,0,0
339,US8649904B2,0,0,0,0,0,0,0,0,0,0,0
340,US8914618B2,0,0,0,0,0,0,0,0,0,0,0
341,US9587449B2,0,0,0,0,0,0,0,0,0,0,0
342,US8169623B2,0,0,0,0,0,0,0,0,0,0,0
343,US7001708B1,0,0,0,0,0,0,0,0,0,0,0
344,US7688963B1,0,0,0,0,0,0,0,0,0,0,0
345,US8891467B2,0,1,1,0,1,1,0,0,0,1,0
346,US9451983B2,0,0,0,0,0,0,0,0,0,0,0
347,US9271779B2,0,0,0,0,0,0,0,0,0,0,0
348,US9126701B2,0,0,0,0,0,0,0,0,0,0,0
349,US6628643B1,0,0,0,0,0,0,0,0,0,0,0
350,US9557585B1,0,0,0,0,0,0,0,0,0,0,0
351,US6736702B2,0,0,0,0,0,0,0,0,0,0,0
352,US9627532B2,1,1,1,1,1,1,1,1,1,1,1
353,US5313200A,0,1,1,1,1,0,0,0,0,1,0
354,US7606354B2,0,0,0,0,0,0,0,0,0,0,0
355,US8987033B2,0,0,0,0,0,0,0,0,0,0,0
356,US9075941B2,1,0,1,0,0,1,1,0,1,1,0
357,US9300692B2,0,0,0,0,0,0,0,0,0,0,0
358,US9344337B2,0,0,1,1,0,0,0,0,1,0,1
359,US6894291B2,0,0,0,0,0,0,0,0,0,0,0
360,US9301415B2,0,0,0,0,0,0,0,0,0,0,0
361,US7908076B2,1,1,1,1,1,1,1,1,1,1,1
362,US4885757A,1,1,1,1,1,1,1,1,1,1,1
363,US9013220B2,0,0,0,0,0,0,0,0,0,0,0
364,US8972067B2,0,1,1,1,1,1,0,1,1,1,1
365,US8945478B2,0,0,0,0,0,0,0,0,0,0,0
366,US9994426B1,0,0,0,0,0,0,0,0,0,0,0
367,US9894290B2,0,0,0,0,0,0,0,0,0,0,0
368,US9215968B2,0,0,0,0,0,0,0,0,0,0,0
369,US9138857B2,0,0,0,0,0,0,0,0,0,0,0
370,US9289898B2,0,0,0,0,0,0,0,0,0,0,0
371,US9701012B1,0,0,0,0,0,0,0,0,0,0,0
372,US10087646B2,0,0,0,0,0,0,0,0,0,0,0
373,US9223153B2,0,0,0,0,0,0,0,0,0,0,0
374,US7182105B1,0,0,0,0,0,0,0,0,0,0,0
375,US9812291B2,0,0,0,0,0,0,0,0,0,0,0
376,US9990587B2,1,1,1,1,1,1,1,1,1,1,1
377,US10111667B2,0,0,0,0,0,0,0,0,0,0,0
378,US9396387B2,1,1,1,1,1,1,1,1,1,1,1
379,US7615746B2,1,1,1,1,1,1,1,1,1,1,1
380,US8928988B1,0,0,0,0,0,0,0,0,0,0,0
381,US10015242B2,0,0,0,0,0,0,0,0,0,0,0
382,US10117893B2,0,0,0,0,0,0,0,0,0,0,0
383,US5185164A,0,0,0,0,0,0,0,0,0,0,0
384,US6684130B2,0,0,0,0,0,0,0,0,0,0,0
385,US8842712B2,0,0,0,0,0,0,0,0,0,0,0
386,US9996591B2,0,0,0,0,0,0,0,0,0,0,0
387,US9551808B2,0,0,0,0,0,0,0,0,0,0,0
388,US8686646B2,0,0,0,0,0,0,0,0,0,0,0
389,US9798327B2,1,1,0,0,0,0,0,1,1,1,1
390,US9014199B2,0,0,0,0,0,0,0,0,0,0,0
391,US9605617B2,0,0,0,0,0,0,0,0,0,0,0
392,US9646295B1,0,0,0,0,0,0,0,0,0,0,0
393,US9948802B2,0,0,0,0,0,0,0,0,0,0,0
394,US9614463B2,0,0,0,0,0,0,0,0,0,0,0
395,US8948272B2,0,0,0,0,0,0,0,0,0,0,0
396,US6188757A,0,0,0,0,0,0,0,0,0,0,0
397,US6910195B2,0,0,0,0,0,0,0,0,0,0,0
398,US9308653B2,0,0,0,0,0,0,0,0,0,0,0
399,US5199066A,0,0,0,0,0,0,0,0,0,0,0
400,US10048908B2,0,1,0,0,1,1,0,1,0,0,0
401,US8107596B1,0,0,0,0,0,0,0,0,0,0,0
402,US9791638B2,1,1,1,1,1,1,1,1,1,1,1
403,US9725250B2,0,0,0,0,0,0,0,0,0,0,0
404,US9547565B2,0,0,0,0,0,0,0,0,0,0,0
405,US9206537B2,0,0,0,0,0,0,0,0,0,0,0
406,US9743743B2,0,0,0,0,0,0,0,0,0,0,0
407,US9465386B2,0,0,0,0,0,0,0,0,0,0,0
408,US10114543B2,0,0,0,0,0,0,0,0,0,0,0
409,US7460064B1,0,0,0,0,0,0,0,0,0,0,0
410,US7437171B1,0,0,0,0,0,0,0,0,0,0,0
411,US8284717B2,0,0,0,0,0,0,0,0,0,0,0
412,US9223312B2,0,0,1,1,0,0,0,0,0,0,0
413,US9975256B1,0,0,0,0,0,0,0,0,0,0,0
414,US8812856B2,0,0,0,0,0,1,0,0,0,0,0
415,US5706051A,0,0,0,0,0,0,0,0,0,0,0
416,US7353108B2,1,1,1,1,1,1,1,1,1,1,1
417,US8943007B2,1,1,1,1,1,1,1,1,1,1,1
418,US9947170B2,0,0,0,0,0,0,0,0,0,0,0
419,US9410179B2,0,0,0,0,0,0,0,0,0,0,0
420,US9057424B2,0,0,0,0,0,0,0,0,0,0,0
421,US9055212B2,1,1,1,1,1,1,1,1,1,1,1
422,US6654553B2,0,0,0,0,0,0,0,0,0,0,0
423,US10032462B2,1,1,1,1,1,1,1,1,1,1,0
424,US5231944A,0,0,0,0,0,0,0,0,0,0,0
425,US9269006B2,0,1,1,1,1,1,0,1,1,1,0
426,US9880545B2,1,0,1,0,0,0,0,0,0,0,0
427,US10133987B2,1,1,1,1,1,1,1,1,1,1,1
428,US9686540B2,1,1,1,1,1,1,1,1,1,1,1
429,US8508386B2,0,1,1,1,1,1,1,1,1,1,1
430,US9547075B2,0,0,0,0,0,0,0,0,0,0,0
431,US8498782B2,0,0,1,0,1,0,0,0,0,0,1
432,US5157238A,0,0,0,0,0,0,0,0,0,0,0
433,US6684125B2,0,0,0,0,1,0,0,0,0,0,0
434,US5106615A,0,0,0,0,0,0,0,0,0,0,0
435,US8699663B2,0,0,0,0,0,0,0,0,0,0,0
436,US10033274B2,0,0,0,0,0,0,0,0,0,0,0
437,US6071037A,0,0,0,0,0,0,0,0,0,0,0
438,US9605600B2,0,0,0,0,0,0,0,0,0,0,0
439,US9179159B2,0,0,0,0,0,0,0,0,0,0,0
440,US9843669B1,0,0,0,0,0,0,0,0,0,0,0
441,US9798751B2,1,1,1,1,1,1,1,1,1,1,1
442,US9664741B2,0,0,0,0,0,1,0,0,0,0,0
443,US9317260B2,0,0,0,0,0,0,0,0,0,0,0
444,US9734448B2,1,1,1,1,1,1,1,1,1,1,1
445,US9900506B2,0,0,0,0,0,0,0,0,0,0,0
446,US6847815B1,0,0,0,0,0,0,0,0,0,0,0
447,US9690609B2,0,0,0,0,0,0,0,0,0,0,0
448,US7541838B2,0,0,0,0,0,0,0,0,0,0,0
449,US9336397B2,1,1,1,1,1,1,1,1,0,1,1
450,US9628419B2,1,1,1,1,1,1,1,1,1,1,1
451,US8943460B2,0,0,0,0,0,0,0,0,0,0,0
452,US9971958B2,1,1,1,1,1,1,1,1,1,1,1
453,US9766627B2,0,0,0,0,0,0,0,0,0,0,0
454,US9808820B2,0,0,0,0,0,0,0,0,0,0,0
455,US9587313B2,0,0,0,0,0,0,0,0,0,0,0
456,US9047109B1,0,0,0,0,0,0,0,0,0,0,0
457,US9798720B2,1,1,1,1,1,1,1,1,1,1,1
458,US8246649B2,0,0,0,0,0,0,0,0,0,0,0
459,US9360328B2,1,1,1,1,1,1,1,1,1,1,1
460,US6917692B1,1,1,1,1,1,1,1,1,1,1,1
461,US9475199B2,0,0,0,0,0,0,0,0,0,0,0
462,US8978421B2,0,0,0,0,0,0,0,0,0,0,0
463,US9648843B2,0,0,0,0,0,0,0,0,0,0,0
464,US10121349B2,1,1,1,1,0,1,0,1,1,0,1
465,US9407549B2,0,0,0,0,0,0,0,0,0,0,0
466,US9258487B2,0,0,0,0,0,0,0,0,0,0,0
467,US8626431B2,0,0,0,0,0,1,0,0,0,0,0
468,US8990132B2,1,1,1,1,1,1,1,1,1,1,1
469,US10044630B2,0,0,0,0,0,0,0,0,0,0,0
470,US9058517B1,1,1,1,1,1,1,1,1,1,1,1
471,US9604622B2,0,0,0,0,0,0,0,0,0,0,0
472,US6978274B1,0,1,1,1,1,1,0,1,1,1,1
473,US8926418B2,0,0,0,0,0,0,0,0,0,0,0
474,US5388046A,0,0,0,0,0,0,0,0,0,0,0
475,US7991723B1,1,1,1,1,1,1,1,1,1,1,1
476,US9480390B2,0,0,0,0,0,0,0,0,0,0,0
477,US6970543B2,0,0,0,0,0,0,0,0,0,0,0
478,US8953933B2,0,0,0,0,0,0,0,0,0,0,0
479,US8941717B2,0,0,0,0,0,0,0,0,0,0,0
480,US4587819A,0,0,0,0,0,0,0,0,0,0,0
481,US7486602B2,0,0,0,0,0,0,0,0,0,0,0
482,US9449283B1,1,1,1,1,1,1,1,1,1,1,1
483,US7340422B2,0,0,0,0,0,0,0,0,0,0,0
484,US9592605B2,0,0,0,0,0,0,0,0,0,0,0
485,US4967228A,0,0,0,0,0,0,0,0,0,0,0
486,US8996244B2,0,0,0,0,0,0,0,0,0,0,0
487,US8760180B1,0,0,0,0,0,0,0,0,0,0,0
488,US9830376B2,1,1,1,1,0,1,1,1,1,1,0
489,US9584566B2,0,0,0,0,0,0,0,0,0,0,0
490,US9289623B2,0,0,0,0,0,0,0,1,0,0,0
491,US9182787B2,0,0,0,0,0,0,0,0,0,0,0
492,US7477406B2,0,1,1,1,1,1,0,1,0,0,1
493,US9363289B2,0,1,1,1,0,0,1,1,0,0,1
494,US9536612B1,0,0,0,0,0,0,0,0,0,0,0
495,US9964398B2,0,0,0,0,0,0,0,0,0,0,0
496,US9414725B2,0,0,0,0,0,0,0,0,0,0,0
497,US9308593B2,0,0,0,0,0,0,0,0,0,0,0
498,US5184561A,0,0,0,0,0,0,0,0,0,0,0
499,US7706623B2,0,1,1,1,1,1,1,1,1,1,1
500,US6850629B2,1,1,1,1,1,1,1,1,1,1,1
501,US8705318B2,1,1,1,1,1,1,1,1,1,1,1
502,US8315667B2,0,0,0,0,0,0,0,0,0,0,0
503,US9214062B2,0,0,0,0,0,0,0,0,0,0,0
504,US9489706B2,1,1,1,1,1,1,1,1,0,1,1
505,US10089353B2,0,1,1,1,0,1,0,1,1,1,1
506,US8291025B2,0,0,0,0,0,0,0,0,0,0,0
507,US9344926B2,0,0,0,0,0,0,0,0,0,0,0
508,US6768813B1,1,1,1,1,1,1,1,1,1,1,1
509,US10076845B2,0,0,0,1,0,0,0,0,0,0,1
510,US8626288B2,0,0,0,0,0,0,1,0,0,0,0
511,US5678089A,0,0,0,0,0,0,0,0,0,0,0
512,US9922144B2,1,1,1,1,1,1,1,1,1,1,1
513,US9582509B2,0,0,1,1,0,0,1,1,0,1,0
514,US9559808B2,0,0,0,0,0,0,0,0,0,0,0
515,US9285767B2,0,0,0,0,0,0,0,0,0,0,0
516,US9003176B1,0,0,0,0,0,0,0,0,0,0,0
517,US9711131B2,0,0,0,0,0,0,0,0,0,0,0
518,US9674048B2,0,0,0,0,0,0,0,0,0,0,0
519,US9104845B2,1,1,1,1,1,1,1,1,1,1,1
520,US9374519B2,1,1,1,1,1,1,1,1,1,1,1
521,US10105617B2,1,1,1,1,1,1,1,1,1,1,1
522,US4771521A,0,0,0,0,0,0,0,0,0,0,0
523,US9301518B1,0,0,0,0,0,0,0,0,0,0,0
524,US9890723B2,0,0,0,0,0,0,0,0,0,0,0
525,US9352463B2,0,0,0,0,0,0,0,0,0,0,0
526,US9638108B2,0,0,0,0,0,0,0,0,0,0,0
527,US10089580B2,1,1,1,1,1,1,1,1,1,1,1
528,US9941900B1,1,1,1,1,1,1,1,1,1,1,1
529,US7952607B2,1,1,1,1,1,1,1,1,1,1,1
530,US10097342B2,0,0,0,0,0,0,0,0,0,0,0
531,US8936626B1,0,0,0,0,0,0,0,0,0,0,0
532,US5224099A,0,0,0,0,0,0,0,0,0,0,0
533,US9625611B2,1,1,1,1,1,1,1,1,1,1,1
534,US9346167B2,1,1,1,1,1,1,1,1,1,1,1
535,US9571826B1,0,0,0,0,0,0,0,0,0,0,0
536,US9866443B1,0,0,0,0,0,0,0,0,0,1,0
537,US10019538B2,0,1,0,1,1,0,0,0,1,0,1
538,US8907954B2,0,0,1,0,0,0,0,0,0,0,0
539,US9014857B2,1,1,1,1,1,1,1,1,1,1,1
540,US9940729B1,1,1,1,1,1,1,1,1,1,1,1
541,US7791810B2,0,0,0,0,0,0,0,0,0,0,0
542,US9702820B2,0,0,0,0,0,0,0,0,0,0,0
543,US10019990B2,1,1,1,1,1,1,1,1,1,1,1
544,US9123582B2,0,0,0,0,0,0,0,0,0,0,0
545,US7756411B2,0,0,0,0,0,0,0,0,0,0,0
546,US9710755B2,1,1,1,1,1,1,1,1,1,1,1
547,US9607217B2,1,1,1,1,1,1,1,1,1,1,1
548,US8755037B2,0,0,0,0,0,0,0,0,0,0,0
549,US7343213B1,1,1,1,1,1,1,1,0,1,1,1
550,US9159218B2,1,1,1,1,1,1,1,1,1,1,1
551,US8281321B2,0,0,0,0,0,0,0,0,0,0,0
552,US7384107B2,0,0,0,0,0,0,0,0,0,0,0
553,US4947198A,0,0,0,0,0,0,0,0,0,0,0
554,US7598752B2,0,0,0,0,0,0,0,0,0,0,0
555,US5042060A,0,0,0,0,0,0,0,0,0,0,0
556,US9088844B2,1,0,1,1,0,1,0,0,0,0,1
557,US6167124A,0,0,0,0,0,0,0,0,0,0,0
558,US7894979B2,1,0,0,0,0,0,0,1,0,0,0
559,US8533715B2,0,0,0,0,0,0,0,0,0,0,0
560,US5710951A,0,0,0,1,0,1,1,0,0,1,0
561,US7487074B2,1,1,1,1,1,1,1,1,1,1,1
562,US7460781B2,0,0,0,0,0,0,0,0,0,0,0
563,US9964661B2,0,0,0,0,0,0,0,0,0,0,0
564,US9654217B2,0,0,0,0,0,0,0,0,0,0,0
565,US6324346A,0,0,0,0,0,0,0,0,0,0,0
566,US9516235B2,0,0,0,0,0,0,0,0,0,0,0
567,US8548160B2,0,0,0,0,0,0,0,0,0,0,0
568,US9854544B2,0,0,0,0,0,0,0,0,0,0,0
569,US9853924B2,0,0,0,0,0,0,0,0,0,0,0
570,US6213237A,0,0,0,0,0,0,0,0,0,0,0
571,US10118004B2,0,0,0,0,0,0,0,0,0,0,0
572,US9385983B1,0,0,0,0,0,0,0,0,0,0,0
573,US9379420B2,0,0,0,0,0,0,0,0,0,0,0
574,US4785179A,0,0,0,0,0,0,0,0,0,0,0
575,US5889477A,1,1,1,1,1,1,1,1,1,1,1
576,US9652897B2,0,0,1,1,1,1,0,0,0,0,1
577,US6578760B1,0,0,0,0,0,0,0,0,0,0,0
578,US9976284B2,0,0,0,0,0,0,0,0,0,0,0
579,US9569266B2,1,1,0,1,1,1,1,1,1,1,1
580,US9098891B2,1,1,1,1,1,1,1,1,1,1,1
581,US6332115A,0,0,0,0,0,0,0,0,0,0,0
582,US9560832B2,0,0,0,0,0,0,0,0,0,0,0
583,US10124494B2,0,0,0,0,0,0,0,0,0,0,0
584,US10068170B2,1,1,1,1,1,1,1,1,1,1,1
585,US8997289B2,0,0,0,0,0,0,0,0,0,0,0
586,US10064001B1,1,1,1,1,1,1,1,1,1,1,1
587,US6434448B1,0,0,0,0,0,0,0,0,0,0,0
588,US9304003B1,0,1,1,1,1,1,1,1,1,1,1
589,US6915072B2,0,0,0,0,0,0,0,0,0,0,0
590,US7099440B2,0,0,0,0,0,0,0,0,0,0,0
591,US9244680B2,0,0,1,0,1,0,0,0,0,0,0
592,US6535122B1,1,1,1,1,1,1,1,1,1,1,1
593,US9702863B2,0,0,0,0,0,0,0,0,0,0,0
594,US10052759B2,0,0,0,0,0,1,0,0,0,1,0
595,US9874453B2,0,0,1,0,0,1,1,0,1,1,0
596,US9651417B2,0,0,0,0,0,0,0,0,0,0,0
597,US9003297B2,0,0,0,0,0,0,0,0,0,0,0
598,US7707227B2,0,1,1,1,0,1,1,1,0,1,0
599,US9050996B2,0,0,0,0,0,0,0,0,0,0,0
600,US9038915B2,0,0,0,0,0,0,0,0,0,0,0
601,US9575778B2,0,0,0,0,0,0,0,0,1,0,0
602,US9811080B2,1,1,1,1,0,1,1,1,1,1,1
603,US9989626B2,1,1,1,1,1,1,1,1,1,1,1
604,US7747350B2,1,1,1,1,1,1,1,1,1,1,1
605,US9720934B1,1,1,1,1,1,1,1,1,1,1,1
606,US5155757A,0,0,0,0,0,0,0,0,0,0,0
607,US9600725B2,1,1,1,1,1,1,1,1,1,1,1
608,US9900790B1,1,1,1,1,1,1,1,1,1,1,1
609,US9166925B2,0,0,0,0,0,0,0,0,0,0,0
610,US9489765B2,1,1,1,1,1,1,1,1,1,1,1
611,US9218565B2,1,1,1,1,1,1,1,1,1,1,1
612,US9656395B2,0,0,0,0,0,0,0,0,0,0,0
613,US9645841B2,0,0,0,0,0,0,0,0,0,0,0
614,US9373224B2,0,0,0,0,0,0,0,0,0,0,0
615,US9602277B2,0,0,0,0,0,0,0,0,0,0,0
616,US8441542B2,1,1,1,1,1,1,1,1,1,1,1
617,US9076408B2,0,0,0,1,0,0,0,0,1,0,1
618,US9325783B2,1,1,1,1,1,1,1,1,1,1,1
619,US8994850B2,0,0,0,0,0,0,0,0,0,0,0
620,US9420624B2,0,0,0,0,0,0,0,0,0,0,0
621,US8527094B2,1,0,0,0,1,0,1,0,0,0,0
622,US10127597B2,1,1,1,1,1,1,1,1,1,1,1
623,US9819687B2,0,0,0,0,0,0,0,0,0,0,0
624,US9798835B2,1,1,1,1,1,1,1,1,1,0,1
625,US9934587B2,1,1,1,1,1,1,1,1,1,1,1
626,US8159375B2,0,0,0,0,0,0,0,0,0,0,0
627,US9319189B2,0,0,0,0,0,0,0,0,0,0,0
628,US9045042B2,0,0,0,0,0,0,0,0,0,0,0
629,US10093367B2,0,0,0,0,0,0,0,0,0,0,0
630,US8990708B2,0,0,0,0,0,0,0,0,0,0,0
631,US8433031B2,0,0,0,0,0,0,0,0,0,1,0
632,US9092314B2,0,0,0,0,0,0,0,0,0,0,0
633,US8654177B2,0,0,0,0,0,0,0,0,0,0,0
634,US9110453B2,1,1,1,1,1,1,1,1,1,1,1
635,US8199234B2,0,0,0,0,0,0,0,0,0,0,0
636,US9800293B2,0,0,0,0,0,0,0,0,0,0,0
637,US9003644B2,0,0,0,0,0,0,0,0,0,0,0
638,US4783686A,0,0,0,0,0,0,0,0,0,0,0
639,US7706965B2,1,1,1,1,1,1,1,1,1,1,1
640,US9681820B2,1,1,1,1,1,1,1,1,1,1,1
641,US9083848B2,1,1,1,1,1,1,1,1,1,1,1
642,US9429948B2,0,0,0,0,0,0,0,0,0,0,0
643,US9235334B2,0,0,0,0,1,1,0,0,0,0,0
644,US9020302B2,1,0,0,0,0,0,0,0,0,0,0
645,US10068532B2,0,0,0,0,0,0,0,0,0,0,0
646,US9569661B2,1,1,1,1,1,1,1,1,1,1,1
647,US8995585B2,0,0,0,0,0,0,0,0,0,0,0
648,US9425820B2,0,0,0,0,0,0,0,0,0,0,0
649,US9177462B1,1,1,1,1,1,1,1,1,1,1,1
650,US7689348B2,1,1,1,1,1,1,1,1,1,1,1
651,US8554458B2,1,1,1,1,1,1,1,1,1,1,1
652,US10014205B2,0,0,0,0,0,0,0,0,0,0,0
653,US5483445A,1,0,0,0,0,0,0,1,1,0,0
654,US8953419B2,0,0,0,0,0,0,0,0,0,0,0
655,US7577896B2,0,0,0,0,0,0,0,0,0,0,0
656,US10044783B2,0,0,0,0,0,0,0,0,0,0,0
657,US9342916B2,1,1,1,1,1,1,1,1,1,1,1
658,US9975240B2,0,0,0,0,0,0,0,0,0,0,0
659,US9069064B2,1,0,1,0,0,1,1,1,1,1,1
660,US6166719A,0,1,0,0,0,0,0,0,0,0,0
661,US10063826B2,1,1,1,1,1,1,1,1,1,1,1
662,US6785632B1,1,1,1,1,1,1,1,1,1,1,1
663,US9387593B2,0,0,0,0,0,0,0,0,0,0,0
664,US9737371B2,0,0,0,0,0,0,0,0,0,0,0
665,US9930267B2,0,0,0,0,0,0,0,0,0,0,0
666,US9805312B1,1,1,1,1,1,1,1,1,1,1,1
667,US5319403A,0,0,0,0,0,0,0,0,0,0,0
668,US4870545A,0,0,0,0,0,0,0,0,0,0,0
669,US8955971B2,0,0,0,0,0,0,0,0,0,0,0
670,US9291736B2,1,0,0,0,0,0,0,0,0,0,1
671,US5414261A,0,0,0,0,0,0,0,0,0,0,0
672,US7571053B2,1,1,1,1,1,1,1,1,1,1,1
673,US4755942A,0,0,0,0,0,1,0,0,0,0,0
674,US10024920B2,0,0,0,0,0,0,0,0,0,0,0
675,US9704068B2,1,1,1,1,1,1,1,1,1,1,1
676,US9272415B2,0,0,0,0,0,0,0,0,0,0,0
677,US10019147B2,0,0,0,0,0,0,0,1,0,0,0
678,US9877667B2,1,1,1,1,1,1,0,1,1,1,1
679,US9926138B1,0,1,0,0,1,0,1,1,1,0,0
680,US9270904B2,0,0,0,0,0,0,0,0,0,0,0
681,US5381194A,0,0,0,0,0,0,0,0,0,0,0
682,US6577889B2,0,1,0,0,0,0,0,1,0,1,1
683,US9254090B2,0,0,1,0,0,0,0,0,0,0,1
684,US9676098B2,1,1,1,1,1,1,1,1,1,1,1
685,US10025560B2,0,0,0,0,0,0,0,0,0,0,0
686,US9687984B2,1,1,1,1,1,1,1,1,1,1,1
687,US9952566B2,1,1,1,1,1,1,1,1,1,1,1
688,US9155592B2,1,1,1,0,1,1,0,1,1,1,1
689,US8526716B2,1,1,1,1,1,1,1,1,1,1,1
690,US6075466A,1,1,1,1,1,1,1,1,1,1,1
691,US9153079B1,1,1,1,1,1,1,1,1,1,1,1
692,US9120028B2,0,0,0,0,0,0,0,0,0,0,0
693,US9717644B2,0,0,0,0,0,0,0,0,0,0,0
694,US8978007B2,0,0,0,0,0,0,0,0,0,0,0
695,US9220406B2,0,0,0,0,0,1,0,1,0,0,0
696,US8996321B2,0,0,0,0,0,1,0,0,1,0,0
697,US9733941B2,0,0,0,0,0,0,0,0,0,0,0
698,US10127381B2,0,0,0,0,1,0,0,0,0,0,0
699,US6594552B1,0,0,0,0,0,0,0,0,0,0,0
700,US7447577B2,0,0,0,0,0,0,0,0,0,0,0
701,US9864377B2,0,1,1,1,1,1,1,1,1,1,0
702,US9632870B2,0,0,0,0,0,0,0,0,0,0,0
703,US8788972B2,0,0,0,0,0,0,0,0,0,0,0
704,US9572011B2,0,1,1,1,1,1,0,0,0,1,0
705,US9451888B1,0,0,0,0,0,0,0,0,0,0,0
706,US10102745B2,1,1,1,1,1,1,1,1,1,1,1
707,US9066006B2,0,0,0,0,0,0,0,0,0,0,0
708,US9992059B2,1,1,1,1,1,1,0,1,1,1,1
709,US5485238A,0,0,0,0,0,0,0,0,0,0,0
710,US9730647B2,1,0,1,1,0,1,0,0,0,1,0
711,US10027894B2,0,0,0,0,0,0,0,0,0,0,0
712,US9898689B2,1,1,1,1,1,1,1,1,1,1,1
713,US9658823B2,0,0,0,0,0,0,0,0,0,0,0
714,US9778458B2,0,0,0,0,0,0,0,0,0,0,0
715,US9992138B1,0,0,0,0,0,0,0,0,0,0,0
716,US8296297B2,1,1,1,1,1,1,1,1,1,1,1
717,US9967089B2,0,0,0,0,1,1,0,1,0,0,0
718,US9369728B2,1,1,1,1,1,1,1,1,1,1,1
719,US8306742B2,1,1,1,1,1,1,1,1,1,1,1
720,US10038750B2,0,0,0,0,0,0,0,0,0,0,0
721,US9688145B2,1,0,0,1,0,1,1,0,0,0,0
722,US9165215B2,1,1,1,1,1,1,1,1,1,1,1
723,US9286694B2,1,1,1,1,1,1,1,1,1,1,1
724,US9925666B2,0,0,0,0,0,0,0,0,0,0,0
725,US9087304B2,1,1,1,1,1,1,1,1,1,1,1
726,US8750216B2,0,0,0,0,0,0,0,0,0,0,0
727,US4985726A,0,0,0,0,0,0,0,0,0,0,0
728,US8725970B2,0,0,0,0,0,0,0,1,0,0,0
729,US9193402B2,0,0,0,0,0,0,0,0,0,0,0
730,US10032134B2,1,1,1,1,0,0,1,1,1,0,1
731,US9142049B2,0,0,0,0,0,0,0,0,0,0,0
732,US8406512B2,1,1,1,1,1,1,1,1,1,1,1
733,US6947833B2,1,1,1,1,1,1,1,1,1,1,1
734,US9832390B2,1,1,1,1,1,1,1,1,1,1,1
735,US9940520B2,1,1,1,1,1,1,1,1,1,1,1
736,US9604357B2,0,0,0,0,0,0,0,0,0,0,0
737,US5619742A,0,0,0,0,0,1,0,1,0,1,0
738,US7463826B2,0,1,1,1,0,1,1,1,0,1,1
739,US9404380B2,0,0,0,0,0,0,0,0,0,0,0
740,US9472001B2,1,1,1,1,1,1,1,1,1,1,1
741,US10067990B1,1,1,1,1,1,1,1,1,1,1,1
742,US8363121B2,0,0,0,0,0,0,0,0,0,0,0
743,US9031317B2,1,1,1,1,1,1,1,1,1,1,1
744,US9612255B2,0,0,0,0,0,0,0,0,0,0,0
745,US5297568A,0,0,0,0,0,0,0,0,0,0,0
746,US8760565B2,0,0,0,0,0,0,0,0,0,0,0
747,US9886239B2,0,0,0,0,0,0,0,0,0,0,0
748,US7145457B2,0,1,1,1,0,1,0,1,0,1,1
749,US9589151B2,1,0,0,1,0,0,0,0,0,0,0
750,US8987157B2,0,0,0,0,0,0,0,0,0,0,0
751,US9116703B2,1,1,1,1,1,0,1,1,0,1,1
752,US7454006B2,0,0,0,0,0,0,0,0,0,0,0
753,US9239951B2,1,1,1,1,1,1,1,1,1,1,1
754,US9256943B2,1,1,1,1,1,1,1,1,1,1,1
755,US8937648B2,0,0,0,0,0,0,0,0,0,0,0
756,US9916475B2,0,0,0,0,0,0,0,0,0,0,0
757,US9268910B2,1,1,1,1,1,1,1,1,1,1,1
758,US8990131B2,1,1,1,1,1,1,1,1,1,1,1
759,US9943963B2,0,0,0,0,0,0,0,0,0,0,0
760,US9094219B2,0,0,0,0,0,0,0,0,0,0,0
761,US9072458B2,0,1,0,0,0,0,0,1,0,0,1
762,US8923605B2,1,1,1,1,1,1,1,1,1,1,1
763,US9851985B2,0,0,0,0,0,0,0,0,0,0,0
764,US6434487B1,0,0,0,0,0,0,0,0,0,0,0
765,US9741169B1,1,1,1,1,1,1,1,1,1,1,1
766,US9910762B2,0,0,0,0,0,0,0,0,0,0,0
767,US8971612B2,1,1,1,1,1,1,1,1,1,1,1
768,US9087274B2,1,1,1,1,1,1,1,1,1,1,1
769,US9824261B2,1,1,1,1,1,1,1,1,1,1,1
770,US8957997B2,1,1,1,1,1,1,1,1,1,1,1
771,US9235819B2,1,1,1,1,1,1,1,1,1,1,1
772,US9663012B2,0,0,0,0,0,0,0,0,0,0,0
773,US8509507B2,1,1,1,0,0,1,0,1,0,1,1
774,US9356716B2,0,0,0,0,0,0,0,0,0,0,0
775,US7668668B2,0,1,1,1,1,1,0,0,1,0,1
776,US8983961B2,0,0,0,0,0,0,0,0,0,0,0
777,US9965893B2,0,0,0,0,0,0,0,0,0,0,0
778,US7289112B2,0,0,0,0,0,0,0,0,0,0,0
779,US9972158B2,1,1,1,1,1,1,1,1,1,1,1
780,US10140722B2,0,0,0,0,0,0,0,0,0,0,0
781,US8659596B2,1,1,1,1,1,1,0,1,1,1,1
782,US6807294B2,0,0,0,0,0,0,0,0,0,0,0
783,US9686207B2,0,0,0,0,0,0,0,0,0,0,1
784,US9384532B2,1,0,0,0,0,0,0,0,0,0,0
785,US9003021B2,1,0,0,0,0,0,0,0,0,1,0
786,US9948830B2,1,1,1,1,1,1,1,1,1,1,1
787,US8548226B2,1,1,1,1,1,1,1,1,1,1,1
788,US9337899B2,0,1,1,0,0,1,1,1,1,1,1
789,US6155683A,0,0,0,0,0,0,0,0,0,0,0
790,US9191573B2,1,1,1,1,1,1,1,1,1,1,1
791,US9699386B2,1,1,1,1,1,1,1,1,1,1,1
792,US9900239B2,0,0,0,0,0,0,0,0,0,0,0
793,US8305434B2,0,0,0,0,0,0,0,0,0,0,0
794,US9426174B2,0,0,1,0,0,0,0,0,0,0,0
795,US9527211B2,1,0,0,1,0,0,0,1,0,0,1
796,US9535776B2,1,0,1,1,0,0,0,0,1,1,0
797,US9558579B2,0,0,0,1,0,0,0,1,0,0,0
798,US6642532B2,1,1,0,0,0,0,0,0,0,0,0
799,US8089523B2,0,1,1,1,1,1,1,1,1,1,1
